DeepJet;OperatingPoint, measurementType, sysType, jetFlavor, etaMin, etaMax, ptMin, ptMax, discrMin, discrMax, formula 
3, iterativefit, central, 1, 0.0, 2.5, 20.0, 10000, -15, 1.1, 1.0
3, iterativefit, central, 0, 0.0, 2.5, 20, 30, -15, 0, 0.0
3, iterativefit, central, 0, 0.0, 2.5, 20, 30, 0, 0.0665, 1.11020243168
3, iterativefit, central, 0, 0.0, 2.5, 20, 30, 0.0665, 0.1555, 131.894334562*(x-0.0665)*(x-0.0665)*(x-0.0665)-37.6821951766*(x-0.0665)*(x-0.0665)+3.57322566923*(x-0.0665)+1.110202431678772
3, iterativefit, central, 0, 0.0, 2.5, 20, 30, 0.1555, 0.1955, 1220.93402203*(x-0.1555)*(x-0.1555)*(x-0.1555)-100.899335883*(x-0.1555)*(x-0.1555)+0.0*(x-0.1555)+1.2227202653884888
3, iterativefit, central, 0, 0.0, 2.5, 20, 30, 0.1955, 0.243, 1117.73210991*(x-0.1955)*(x-0.1955)*(x-0.1955)-56.3598489898*(x-0.1955)*(x-0.1955)-2.21146356494*(x-0.1955)+1.1394211053848267
3, iterativefit, central, 0, 0.0, 2.5, 20, 30, 0.243, 0.3045, -401.042635525*(x-0.243)*(x-0.243)*(x-0.243)+43.2507169845*(x-0.243)*(x-0.243)+0.0*(x-0.243)+1.0270041227340698
3, iterativefit, central, 0, 0.0, 2.5, 20, 30, 0.3045, 0.369, -92.6919064984*(x-0.3045)*(x-0.3045)*(x-0.3045)+3.00431664787*(x-0.3045)*(x-0.3045)+0.769307664455*(x-0.3045)+1.0973032712936401
3, iterativefit, central, 0, 0.0, 2.5, 20, 30, 0.369, 0.4355, 1019.02426099*(x-0.369)*(x-0.369)*(x-0.369)-101.647670034*(x-0.369)*(x-0.369)+0.0*(x-0.369)+1.1345497369766235
3, iterativefit, central, 0, 0.0, 2.5, 20, 30, 0.4355, 0.5025, -741.637208139*(x-0.4355)*(x-0.4355)*(x-0.4355)+74.534539418*(x-0.4355)*(x-0.4355)+0.0*(x-0.4355)+0.9847126007080078
3, iterativefit, central, 0, 0.0, 2.5, 20, 30, 0.5025, 0.5695, 1112.55965754*(x-0.5025)*(x-0.5025)*(x-0.5025)-111.812245583*(x-0.5025)*(x-0.5025)+0.0*(x-0.5025)+1.0962411165237427
3, iterativefit, central, 0, 0.0, 2.5, 20, 30, 0.5695, 0.6365, -102.308789614*(x-0.5695)*(x-0.5695)*(x-0.5695)+14.4101253442*(x-0.5695)*(x-0.5695)+0.0*(x-0.5695)+0.9289327263832092
3, iterativefit, central, 0, 0.0, 2.5, 20, 30, 0.6365, 0.703, -150.591289303*(x-0.6365)*(x-0.6365)*(x-0.6365)+10.8623508344*(x-0.6365)*(x-0.6365)+0.553164326388*(x-0.6365)+0.9628490805625916
3, iterativefit, central, 0, 0.0, 2.5, 20, 30, 0.703, 0.769, 15.5455584259*(x-0.703)*(x-0.703)*(x-0.703)-3.7692709502*(x-0.703)*(x-0.703)+0.0*(x-0.703)+1.0033847093582153
3, iterativefit, central, 0, 0.0, 2.5, 20, 30, 0.769, 0.835, 293.817083122*(x-0.769)*(x-0.769)*(x-0.769)-26.857630563*(x-0.769)*(x-0.769)-0.294394407917*(x-0.769)+0.9914350509643555
3, iterativefit, central, 0, 0.0, 2.5, 20, 30, 0.835, 0.901, -152.560159049*(x-0.835)*(x-0.835)*(x-0.835)+15.1034557458*(x-0.835)*(x-0.835)+0.0*(x-0.835)+0.9394844174385071
3, iterativefit, central, 0, 0.0, 2.5, 20, 30, 0.901, 0.972, 105.638387954*(x-0.901)*(x-0.901)*(x-0.901)-28.1036683634*(x-0.901)*(x-0.901)+0.0*(x-0.901)+0.961414635181427
3, iterativefit, central, 0, 0.0, 2.5, 20, 30, 0.972, 1.1, 0.857553184032
3, iterativefit, central, 0, 0.0, 2.5, 30, 50, -15, 0, 0.0
3, iterativefit, central, 0, 0.0, 2.5, 30, 50, 0, 0.068, 1.13422822952
3, iterativefit, central, 0, 0.0, 2.5, 30, 50, 0.068, 0.1565, 63.283180169*(x-0.068)*(x-0.068)*(x-0.068)-17.7311238366*(x-0.068)*(x-0.068)+1.65145985544*(x-0.068)+1.134228229522705
3, iterativefit, central, 0, 0.0, 2.5, 30, 50, 0.1565, 0.202, 711.317786332*(x-0.1565)*(x-0.1565)*(x-0.1565)-55.3889214033*(x-0.1565)*(x-0.1565)+0.0*(x-0.1565)+1.1853728294372559
3, iterativefit, central, 0, 0.0, 2.5, 30, 50, 0.202, 0.2545, -139.694650908*(x-0.202)*(x-0.202)*(x-0.202)+10.8736442409*(x-0.202)*(x-0.202)-0.622574906241*(x-0.202)+1.1377074718475342
3, iterativefit, central, 0, 0.0, 2.5, 30, 50, 0.2545, 0.312, 533.677862956*(x-0.2545)*(x-0.2545)*(x-0.2545)-40.4997817179*(x-0.2545)*(x-0.2545)-0.635942405638*(x-0.2545)+1.1147785186767578
3, iterativefit, central, 0, 0.0, 2.5, 30, 50, 0.312, 0.3735, -37.8401039586*(x-0.312)*(x-0.312)*(x-0.312)+6.10293882*(x-0.312)*(x-0.312)+0.0*(x-0.312)+1.0457665920257568
3, iterativefit, central, 0, 0.0, 2.5, 30, 50, 0.3735, 0.438, -175.900497327*(x-0.3735)*(x-0.3735)*(x-0.3735)+14.5276810601*(x-0.3735)*(x-0.3735)+0.321299275268*(x-0.3735)+1.0600475072860718
3, iterativefit, central, 0, 0.0, 2.5, 30, 50, 0.438, 0.5035, 19.9072040548*(x-0.438)*(x-0.438)*(x-0.438)-4.49785000637*(x-0.438)*(x-0.438)+0.0*(x-0.438)+1.0940096378326416
3, iterativefit, central, 0, 0.0, 2.5, 30, 50, 0.5035, 0.5695, 239.760233165*(x-0.5035)*(x-0.5035)*(x-0.5035)-23.1830350124*(x-0.5035)*(x-0.5035)-0.332997704246*(x-0.5035)+1.080306887626648
3, iterativefit, central, 0, 0.0, 2.5, 30, 50, 0.5695, 0.6365, -21.3706282943*(x-0.5695)*(x-0.5695)*(x-0.5695)+3.01043472642*(x-0.5695)*(x-0.5695)-0.259971598885*(x-0.5695)+1.0262738466262817
3, iterativefit, central, 0, 0.0, 2.5, 30, 50, 0.6365, 0.703, 28.741683901*(x-0.6365)*(x-0.6365)*(x-0.6365)-1.78148224142*(x-0.6365)*(x-0.6365)-0.144371596784*(x-0.6365)+1.015942096710205
3, iterativefit, central, 0, 0.0, 2.5, 30, 50, 0.703, 0.769, -13.630268825*(x-0.703)*(x-0.703)*(x-0.703)+1.34939661368*(x-0.703)*(x-0.703)+0.0*(x-0.703)+1.00691556930542
3, iterativefit, central, 0, 0.0, 2.5, 30, 50, 0.769, 0.835, 51.6047902057*(x-0.769)*(x-0.769)*(x-0.769)-6.2009580199*(x-0.769)*(x-0.769)+0.0*(x-0.769)+1.0088748931884766
3, iterativefit, central, 0, 0.0, 2.5, 30, 50, 0.835, 0.901, -27.6395512359*(x-0.835)*(x-0.835)*(x-0.835)+2.21595573082*(x-0.835)*(x-0.835)-0.144155060218*(x-0.835)+0.9966996908187866
3, iterativefit, central, 0, 0.0, 2.5, 30, 50, 0.901, 0.972, 82.2338034923*(x-0.901)*(x-0.901)*(x-0.901)-19.3905833616*(x-0.901)*(x-0.901)-0.2128425593*(x-0.901)+0.9888918995857239
3, iterativefit, central, 0, 0.0, 2.5, 30, 50, 0.972, 1.1, 0.905464529991
3, iterativefit, central, 0, 0.0, 2.5, 50, 70, -15, 0, 0.0
3, iterativefit, central, 0, 0.0, 2.5, 50, 70, 0, 0.076, 1.19171893597
3, iterativefit, central, 0, 0.0, 2.5, 50, 70, 0.076, 0.177, -0.940894775841*(x-0.076)*(x-0.076)*(x-0.076)-0.492006138893*(x-0.076)*(x-0.076)+0.0*(x-0.076)+1.1917189359664917
3, iterativefit, central, 0, 0.0, 2.5, 50, 70, 0.177, 0.2295, 1515.69280963*(x-0.177)*(x-0.177)*(x-0.177)-118.14005216*(x-0.177)*(x-0.177)-0.128179442881*(x-0.177)+1.1857305765151978
3, iterativefit, central, 0, 0.0, 2.5, 50, 70, 0.2295, 0.2865, -597.642187489*(x-0.2295)*(x-0.2295)*(x-0.2295)+51.0984070303*(x-0.2295)*(x-0.2295)+0.0*(x-0.2295)+1.0727031230926514
3, iterativefit, central, 0, 0.0, 2.5, 50, 70, 0.2865, 0.346, 624.353378928*(x-0.2865)*(x-0.2865)*(x-0.2865)-62.811189015*(x-0.2865)*(x-0.2865)+0.0*(x-0.2865)+1.1280426979064941
3, iterativefit, central, 0, 0.0, 2.5, 50, 70, 0.346, 0.407, 85.6868280242*(x-0.346)*(x-0.346)*(x-0.346)-0.92698129261*(x-0.346)*(x-0.346)-0.843430343536*(x-0.346)+1.0371922254562378
3, iterativefit, central, 0, 0.0, 2.5, 50, 70, 0.407, 0.47, -646.546883329*(x-0.407)*(x-0.407)*(x-0.407)+61.0986804746*(x-0.407)*(x-0.407)+0.0*(x-0.407)+1.001742959022522
3, iterativefit, central, 0, 0.0, 2.5, 50, 70, 0.47, 0.534, 360.597368854*(x-0.47)*(x-0.47)*(x-0.47)-34.6173474099*(x-0.47)*(x-0.47)+0.0*(x-0.47)+1.0825765132904053
3, iterativefit, central, 0, 0.0, 2.5, 50, 70, 0.534, 0.5985, -80.5787179744*(x-0.534)*(x-0.534)*(x-0.534)+7.79599096402*(x-0.534)*(x-0.534)+0.0*(x-0.534)+1.035312294960022
3, iterativefit, central, 0, 0.0, 2.5, 50, 70, 0.5985, 0.663, 194.437054702*(x-0.5985)*(x-0.5985)*(x-0.5985)-20.9860589112*(x-0.5985)*(x-0.5985)+0.0*(x-0.5985)+1.0461233854293823
3, iterativefit, central, 0, 0.0, 2.5, 50, 70, 0.663, 0.7265, 24.2783719302*(x-0.663)*(x-0.663)*(x-0.663)-0.104000524265*(x-0.663)*(x-0.663)-0.280481329065*(x-0.663)+1.0109906196594238
3, iterativefit, central, 0, 0.0, 2.5, 50, 70, 0.7265, 0.7905, -67.6919092865*(x-0.7265)*(x-0.7265)*(x-0.7265)+7.6172460899*(x-0.7265)*(x-0.7265)+0.0*(x-0.7265)+0.9989771246910095
3, iterativefit, central, 0, 0.0, 2.5, 50, 70, 0.7905, 0.8535, -18.7058613336*(x-0.7905)*(x-0.7905)*(x-0.7905)+0.631122005594*(x-0.7905)*(x-0.7905)+0.143209318195*(x-0.7905)+1.012432336807251
3, iterativefit, central, 0, 0.0, 2.5, 50, 70, 0.8535, 0.914, 181.148490746*(x-0.8535)*(x-0.8535)*(x-0.8535)-22.8615554145*(x-0.8535)*(x-0.8535)+0.0*(x-0.8535)+1.0192821025848389
3, iterativefit, central, 0, 0.0, 2.5, 50, 70, 0.914, 0.977, 1.04174263081*(x-0.914)*(x-0.914)*(x-0.914)-1.1421893661*(x-0.914)*(x-0.914)-0.777101915398*(x-0.914)+0.9757175445556641
3, iterativefit, central, 0, 0.0, 2.5, 50, 70, 0.977, 1.1, 0.922487258911
3, iterativefit, central, 0, 0.0, 2.5, 70, 100, -15, 0, 0.0
3, iterativefit, central, 0, 0.0, 2.5, 70, 100, 0, 0.076, 1.20346784592
3, iterativefit, central, 0, 0.0, 2.5, 70, 100, 0.076, 0.182, 0.365487484166*(x-0.076)*(x-0.076)*(x-0.076)-1.51274183411*(x-0.076)*(x-0.076)+0.0*(x-0.076)+1.203467845916748
3, iterativefit, central, 0, 0.0, 2.5, 70, 100, 0.182, 0.242, 811.524165362*(x-0.182)*(x-0.182)*(x-0.182)-70.4673297433*(x-0.182)*(x-0.182)-0.308381416714*(x-0.182)+1.1869059801101685
3, iterativefit, central, 0, 0.0, 2.5, 70, 100, 0.242, 0.3045, -42.9560546875*(x-0.242)*(x-0.242)*(x-0.242)+4.02713012695*(x-0.242)*(x-0.242)+0.0*(x-0.242)+1.0900099277496338
3, iterativefit, central, 0, 0.0, 2.5, 70, 100, 0.3045, 0.369, 290.883041188*(x-0.3045)*(x-0.3045)*(x-0.3045)-28.1429342349*(x-0.3045)*(x-0.3045)+0.0*(x-0.3045)+1.095253586769104
3, iterativefit, central, 0, 0.0, 2.5, 70, 100, 0.369, 0.433, -159.918661629*(x-0.369)*(x-0.369)*(x-0.369)+19.9464806332*(x-0.369)*(x-0.369)+0.0*(x-0.369)+1.056226372718811
3, iterativefit, central, 0, 0.0, 2.5, 70, 100, 0.433, 0.4975, -126.869194856*(x-0.433)*(x-0.433)*(x-0.433)+7.71592012983*(x-0.433)*(x-0.433)+0.58806900695*(x-0.433)+1.0960054397583008
3, iterativefit, central, 0, 0.0, 2.5, 70, 100, 0.4975, 0.562, 986.035969901*(x-0.4975)*(x-0.4975)*(x-0.4975)-95.3989800879*(x-0.4975)*(x-0.4975)+0.0*(x-0.4975)+1.1319924592971802
3, iterativefit, central, 0, 0.0, 2.5, 70, 100, 0.562, 0.626, -287.809888742*(x-0.562)*(x-0.562)*(x-0.562)+29.6246620862*(x-0.562)*(x-0.562)+0.0*(x-0.562)+0.9996979236602783
3, iterativefit, central, 0, 0.0, 2.5, 70, 100, 0.626, 0.6895, -13.7957319287*(x-0.626)*(x-0.626)*(x-0.626)-0.696577275269*(x-0.626)*(x-0.626)+0.255348834168*(x-0.626)+1.0455929040908813
3, iterativefit, central, 0, 0.0, 2.5, 70, 100, 0.6895, 0.7515, 667.682163329*(x-0.6895)*(x-0.6895)*(x-0.6895)-62.0944411896*(x-0.6895)*(x-0.6895)+0.0*(x-0.6895)+1.0554664134979248
3, iterativefit, central, 0, 0.0, 2.5, 70, 100, 0.7515, 0.8115, -318.266175411*(x-0.7515)*(x-0.7515)*(x-0.7515)+28.643955787*(x-0.7515)*(x-0.7515)+0.0*(x-0.7515)+0.9759027361869812
3, iterativefit, central, 0, 0.0, 2.5, 70, 100, 0.8115, 0.8695, 333.786255134*(x-0.8115)*(x-0.8115)*(x-0.8115)-29.0394041966*(x-0.8115)*(x-0.8115)+0.0*(x-0.8115)+1.0102754831314087
3, iterativefit, central, 0, 0.0, 2.5, 70, 100, 0.8695, 0.925, -111.992828173*(x-0.8695)*(x-0.8695)*(x-0.8695)+9.32340294536*(x-0.8695)*(x-0.8695)+0.0*(x-0.8695)+0.9777126312255859
3, iterativefit, central, 0, 0.0, 2.5, 70, 100, 0.925, 0.981, 154.863186271*(x-0.925)*(x-0.925)*(x-0.925)-29.2029454503*(x-0.925)*(x-0.925)+0.0*(x-0.925)+0.9872854351997375
3, iterativefit, central, 0, 0.0, 2.5, 70, 100, 0.981, 1.1, 0.922901451588
3, iterativefit, central, 0, 0.0, 2.5, 100, 140, -15, 0, 0.0
3, iterativefit, central, 0, 0.0, 2.5, 100, 140, 0, 0.0705, 1.34144675732
3, iterativefit, central, 0, 0.0, 2.5, 100, 140, 0.0705, 0.1715, 8.58920530683*(x-0.0705)*(x-0.0705)*(x-0.0705)-4.38803860933*(x-0.0705)*(x-0.0705)-1.27362925654*(x-0.0705)+1.3414467573165894
3, iterativefit, central, 0, 0.0, 2.5, 100, 140, 0.1715, 0.2355, 615.972233418*(x-0.1715)*(x-0.1715)*(x-0.1715)-44.3117906142*(x-0.1715)*(x-0.1715)-1.89715760562*(x-0.1715)+1.1768972873687744
3, iterativefit, central, 0, 0.0, 2.5, 100, 140, 0.2355, 0.302, -248.471910025*(x-0.2355)*(x-0.2355)*(x-0.2355)+24.7850730249*(x-0.2355)*(x-0.2355)+0.0*(x-0.2355)+1.0354515314102173
3, iterativefit, central, 0, 0.0, 2.5, 100, 140, 0.302, 0.3685, 214.173930476*(x-0.302)*(x-0.302)*(x-0.302)-21.64956809*(x-0.302)*(x-0.302)+0.0*(x-0.302)+1.0719867944717407
3, iterativefit, central, 0, 0.0, 2.5, 100, 140, 0.3685, 0.4355, -8.35569246221*(x-0.3685)*(x-0.3685)*(x-0.3685)+0.832393194595*(x-0.3685)*(x-0.3685)-0.0380005638328*(x-0.3685)+1.0392311811447144
3, iterativefit, central, 0, 0.0, 2.5, 100, 140, 0.4355, 0.5025, 688.375826152*(x-0.4355)*(x-0.4355)*(x-0.4355)-68.8908303332*(x-0.4355)*(x-0.4355)-0.0389859861457*(x-0.4355)+1.037908673286438
3, iterativefit, central, 0, 0.0, 2.5, 100, 140, 0.5025, 0.569, -1019.41422114*(x-0.5025)*(x-0.5025)*(x-0.5025)+101.686568559*(x-0.5025)*(x-0.5025)+0.0*(x-0.5025)+0.9330836534500122
3, iterativefit, central, 0, 0.0, 2.5, 100, 140, 0.569, 0.635, 1.03307540013*(x-0.569)*(x-0.569)*(x-0.569)-0.952236440515*(x-0.569)*(x-0.569)+0.0*(x-0.569)+1.0829781293869019
3, iterativefit, central, 0, 0.0, 2.5, 100, 140, 0.635, 0.7, 622.632395472*(x-0.635)*(x-0.635)*(x-0.635)-59.8436202445*(x-0.635)*(x-0.635)-0.112194980819*(x-0.635)+1.0791271924972534
3, iterativefit, central, 0, 0.0, 2.5, 100, 140, 0.7, 0.7625, -35.4651598123*(x-0.7)*(x-0.7)*(x-0.7)+5.82605429979*(x-0.7)*(x-0.7)+0.0*(x-0.7)+0.9899856448173523
3, iterativefit, central, 0, 0.0, 2.5, 100, 140, 0.7625, 0.8225, -193.61596494*(x-0.7625)*(x-0.7625)*(x-0.7625)+14.8200247953*(x-0.7625)*(x-0.7625)+0.312649445924*(x-0.7625)+1.0040851831436157
3, iterativefit, central, 0, 0.0, 2.5, 100, 140, 0.8225, 0.88, 1.62796377543*(x-0.8225)*(x-0.8225)*(x-0.8225)-1.47782382186*(x-0.8225)*(x-0.8225)+0.0*(x-0.8225)+1.0343751907348633
3, iterativefit, central, 0, 0.0, 2.5, 100, 140, 0.88, 0.933, 855.677822867*(x-0.88)*(x-0.88)*(x-0.88)-73.7874983528*(x-0.88)*(x-0.88)-0.153802373816*(x-0.88)+1.0297986268997192
3, iterativefit, central, 0, 0.0, 2.5, 100, 140, 0.933, 0.984, 89.5728571006*(x-0.933)*(x-0.933)*(x-0.933)+0.642580215224*(x-0.933)*(x-0.933)-0.764480185909*(x-0.933)+0.9417687654495239
3, iterativefit, central, 0, 0.0, 2.5, 100, 140, 0.984, 1.1, 0.916333556175
3, iterativefit, central, 0, 0.0, 2.5, 140, 10000.0, -15, 0, 0.0
3, iterativefit, central, 0, 0.0, 2.5, 140, 10000.0, 0, 0.077, 1.45439863205
3, iterativefit, central, 0, 0.0, 2.5, 140, 10000.0, 0.077, 0.1835, 6.6184908203*(x-0.077)*(x-0.077)*(x-0.077)+5.90391695093*(x-0.077)*(x-0.077)-2.91672281172*(x-0.077)+1.4543986320495605
3, iterativefit, central, 0, 0.0, 2.5, 140, 10000.0, 0.1835, 0.244, -133.488506889*(x-0.1835)*(x-0.1835)*(x-0.1835)+13.4440379561*(x-0.1835)*(x-0.1835)-1.43398276866*(x-0.1835)+1.2187261581420898
3, iterativefit, central, 0, 0.0, 2.5, 140, 10000.0, 0.244, 0.3075, 242.470601795*(x-0.244)*(x-0.244)*(x-0.244)-18.9377806536*(x-0.244)*(x-0.244)-1.27305809799*(x-0.244)+1.1516183614730835
3, iterativefit, central, 0, 0.0, 2.5, 140, 10000.0, 0.3075, 0.373, 56.6850886666*(x-0.3075)*(x-0.3075)*(x-0.3075)+0.11809453267*(x-0.3075)*(x-0.3075)-0.745049988735*(x-0.3075)+1.0565013885498047
3, iterativefit, central, 0, 0.0, 2.5, 140, 10000.0, 0.373, 0.439, -642.823579863*(x-0.373)*(x-0.373)*(x-0.373)+63.6395344064*(x-0.373)*(x-0.373)+0.0*(x-0.373)+1.0241364240646362
3, iterativefit, central, 0, 0.0, 2.5, 140, 10000.0, 0.439, 0.505, 136.799338778*(x-0.439)*(x-0.439)*(x-0.439)-21.193221464*(x-0.439)*(x-0.439)+0.0*(x-0.439)+1.1165410280227661
3, iterativefit, central, 0, 0.0, 2.5, 140, 10000.0, 0.505, 0.5705, 398.308024846*(x-0.505)*(x-0.505)*(x-0.505)-31.425278906*(x-0.505)*(x-0.505)-1.0098114741*(x-0.505)+1.0635526180267334
3, iterativefit, central, 0, 0.0, 2.5, 140, 10000.0, 0.5705, 0.635, -177.644871413*(x-0.5705)*(x-0.5705)*(x-0.5705)+20.4543302303*(x-0.5705)*(x-0.5705)+0.0*(x-0.5705)+0.974516749382019
3, iterativefit, central, 0, 0.0, 2.5, 140, 10000.0, 0.635, 0.6985, 5.39430931514*(x-0.635)*(x-0.635)*(x-0.635)-1.7627857882*(x-0.635)*(x-0.635)+0.42146737082*(x-0.635)+1.0119433403015137
3, iterativefit, central, 0, 0.0, 2.5, 140, 10000.0, 0.6985, 0.76, -45.9084254538*(x-0.6985)*(x-0.6985)*(x-0.6985)+2.0980832487*(x-0.6985)*(x-0.6985)+0.262847186927*(x-0.6985)+1.0329797267913818
3, iterativefit, central, 0, 0.0, 2.5, 140, 10000.0, 0.76, 0.819, 778.800669364*(x-0.76)*(x-0.76)*(x-0.76)-68.9238592387*(x-0.76)*(x-0.76)+0.0*(x-0.76)+1.0464016199111938
3, iterativefit, central, 0, 0.0, 2.5, 140, 10000.0, 0.819, 0.876, -570.326007011*(x-0.819)*(x-0.819)*(x-0.819)+48.7628735994*(x-0.819)*(x-0.819)+0.0*(x-0.819)+0.9664269685745239
3, iterativefit, central, 0, 0.0, 2.5, 140, 10000.0, 0.876, 0.9295, 526.974584346*(x-0.876)*(x-0.876)*(x-0.876)-53.2300064844*(x-0.876)*(x-0.876)+0.0*(x-0.876)+1.0192371606826782
3, iterativefit, central, 0, 0.0, 2.5, 140, 10000.0, 0.9295, 0.9825, 6.54432328791*(x-0.9295)*(x-0.9295)*(x-0.9295)+2.11896821845*(x-0.9295)*(x-0.9295)-1.17061168171*(x-0.9295)+0.9475753903388977
3, iterativefit, central, 0, 0.0, 2.5, 140, 10000.0, 0.9825, 1.1, 0.892459452152
3, iterativefit, central, 2, 0.0, 0.8, 20, 30, -15, 0, 0.0
3, iterativefit, central, 2, 0.0, 0.8, 20, 30, 0, 0.0055, 0.832449615002
3, iterativefit, central, 2, 0.0, 0.8, 20, 30, 0.0055, 0.0155, -1518.36480901*(x-0.0055)*(x-0.0055)*(x-0.0055)-119.696596642*(x-0.0055)*(x-0.0055)+14.6793633699*(x-0.0055)+0.8324496150016785
3, iterativefit, central, 2, 0.0, 0.8, 20, 30, 0.0155, 0.0255, -49673.9367883*(x-0.0155)*(x-0.0155)*(x-0.0155)+377.042771241*(x-0.0155)*(x-0.0155)+11.8299219944*(x-0.0155)+0.9657552242279053
3, iterativefit, central, 2, 0.0, 0.8, 20, 30, 0.0255, 0.037, -8254.17868142*(x-0.0255)*(x-0.0255)*(x-0.0255)-51.9022169949*(x-0.0255)*(x-0.0255)+4.46859638274*(x-0.0255)+1.0720847845077515
3, iterativefit, central, 2, 0.0, 0.8, 20, 30, 0.037, 0.0495, 91839.4775391*(x-0.037)*(x-0.037)*(x-0.037)-1721.99020386*(x-0.037)*(x-0.037)+0.0*(x-0.037)+1.1040560007095337
3, iterativefit, central, 2, 0.0, 0.8, 20, 30, 0.0495, 0.063, -6691.75671158*(x-0.0495)*(x-0.0495)*(x-0.0495)+201.04146573*(x-0.0495)*(x-0.0495)+0.0*(x-0.0495)+1.014369010925293
3, iterativefit, central, 2, 0.0, 0.8, 20, 30, 0.063, 0.0785, -1850.57728809*(x-0.063)*(x-0.063)*(x-0.063)+55.9164338906*(x-0.063)*(x-0.063)+1.76940159265*(x-0.063)+1.034544587135315
3, iterativefit, central, 2, 0.0, 0.8, 20, 30, 0.0785, 0.0975, -44.2700837454*(x-0.0785)*(x-0.0785)*(x-0.0785)-0.399210932985*(x-0.0785)*(x-0.0785)+2.16900746287*(x-0.0785)+1.0685129165649414
3, iterativefit, central, 2, 0.0, 0.8, 20, 30, 0.0975, 0.1295, -1310.61933872*(x-0.0975)*(x-0.0975)*(x-0.0975)+40.5322023653*(x-0.0975)*(x-0.0975)+2.10589294672*(x-0.0975)+1.109276294708252
3, iterativefit, central, 2, 0.0, 0.8, 20, 30, 0.1295, 0.188, 51.8945497515*(x-0.1295)*(x-0.1295)*(x-0.1295)-8.22013542601*(x-0.1295)*(x-0.1295)+0.673731289552*(x-0.1295)+1.175223469734192
3, iterativefit, central, 2, 0.0, 0.8, 20, 30, 0.188, 0.2665, 4.71164457345*(x-0.188)*(x-0.188)*(x-0.188)-1.2185598222*(x-0.188)*(x-0.188)+0.24476381337*(x-0.188)+1.1968947649002075
3, iterativefit, central, 2, 0.0, 0.8, 20, 30, 0.2665, 0.659, -0.165461558523*(x-0.2665)*(x-0.2665)*(x-0.2665)-0.0242259921256*(x-0.2665)*(x-0.2665)+0.140552916603*(x-0.2665)+1.210878849029541
3, iterativefit, central, 2, 0.0, 0.8, 20, 30, 0.659, 1.1, 1.25230872631
3, iterativefit, central, 2, 0.8, 1.6, 20, 30, -15, 0, 0.0
3, iterativefit, central, 2, 0.8, 1.6, 20, 30, 0, 0.0065, 0.866725742817
3, iterativefit, central, 2, 0.8, 1.6, 20, 30, 0.0065, 0.018, -3565.13538221*(x-0.0065)*(x-0.0065)*(x-0.0065)-146.700571389*(x-0.0065)*(x-0.0065)+13.1227475695*(x-0.0065)+0.866725742816925
3, iterativefit, central, 2, 0.8, 1.6, 20, 30, 0.018, 0.029, -34862.3850137*(x-0.018)*(x-0.018)*(x-0.018)+238.649257257*(x-0.018)*(x-0.018)+8.33416696469*(x-0.018)+0.9928140640258789
3, iterativefit, central, 2, 0.8, 1.6, 20, 30, 0.029, 0.042, -254.947810101*(x-0.029)*(x-0.029)*(x-0.029)-30.7748586398*(x-0.029)*(x-0.029)+0.929404864357*(x-0.029)+1.0669646263122559
3, iterativefit, central, 2, 0.8, 1.6, 20, 30, 0.042, 0.057, 33903.847729*(x-0.042)*(x-0.042)*(x-0.042)-852.466714636*(x-0.042)*(x-0.042)+0.0*(x-0.042)+1.0732858180999756
3, iterativefit, central, 2, 0.8, 1.6, 20, 30, 0.057, 0.074, 3108.59443948*(x-0.057)*(x-0.057)*(x-0.057)-0.183739912123*(x-0.057)*(x-0.057)-2.68890422202*(x-0.057)+0.9959062933921814
3, iterativefit, central, 2, 0.8, 1.6, 20, 30, 0.074, 0.094, -10124.8132405*(x-0.074)*(x-0.074)*(x-0.074)+394.159917468*(x-0.074)*(x-0.074)+0.0*(x-0.074)+0.9654143452644348
3, iterativefit, central, 2, 0.8, 1.6, 20, 30, 0.094, 0.122, -3532.13559928*(x-0.094)*(x-0.094)*(x-0.094)+91.2254555859*(x-0.094)*(x-0.094)+3.61662081015*(x-0.094)+1.0420798063278198
3, iterativefit, central, 2, 0.8, 1.6, 20, 30, 0.122, 0.1645, 0.732371493799*(x-0.122)*(x-0.122)*(x-0.122)-4.96037566461*(x-0.122)*(x-0.122)+0.41766339346*(x-0.122)+1.1373285055160522
3, iterativefit, central, 2, 0.8, 1.6, 20, 30, 0.1645, 0.226, 350.85628425*(x-0.1645)*(x-0.1645)*(x-0.1645)-32.3664922221*(x-0.1645)*(x-0.1645)+0.0*(x-0.1645)+1.146175742149353
3, iterativefit, central, 2, 0.8, 1.6, 20, 30, 0.226, 0.3165, -122.666268377*(x-0.226)*(x-0.226)*(x-0.226)+17.5087247361*(x-0.226)*(x-0.226)+0.0*(x-0.226)+1.1053696870803833
3, iterativefit, central, 2, 0.8, 1.6, 20, 30, 0.3165, 0.6905, 0.0561871103448*(x-0.3165)*(x-0.3165)*(x-0.3165)-0.238843112615*(x-0.3165)*(x-0.3165)+0.155076963496*(x-0.3165)+1.1578481197357178
3, iterativefit, central, 2, 0.8, 1.6, 20, 30, 0.6905, 1.1, 1.18537783623
3, iterativefit, central, 2, 1.6, 2.5, 20, 30, -15, 0, 0.0
3, iterativefit, central, 2, 1.6, 2.5, 20, 30, 0, 0.008, 0.845817863941
3, iterativefit, central, 2, 1.6, 2.5, 20, 30, 0.008, 0.023, -14149.7548933*(x-0.008)*(x-0.008)*(x-0.008)-74.9043509969*(x-0.008)*(x-0.008)+14.4418656826*(x-0.008)+0.8458178639411926
3, iterativefit, central, 2, 1.6, 2.5, 20, 30, 0.023, 0.038, -1762.31142144*(x-0.023)*(x-0.023)*(x-0.023)-48.4696796753*(x-0.023)*(x-0.023)+2.64365059973*(x-0.023)+0.9978369474411011
3, iterativefit, central, 2, 1.6, 2.5, 20, 30, 0.038, 0.055, 8133.94123732*(x-0.038)*(x-0.038)*(x-0.038)-207.415501552*(x-0.038)*(x-0.038)+0.0*(x-0.038)+1.0206382274627686
3, iterativefit, central, 2, 1.6, 2.5, 20, 30, 0.055, 0.075, -947.798947286*(x-0.055)*(x-0.055)*(x-0.055)+58.8741036215*(x-0.055)*(x-0.055)+0.0*(x-0.055)+1.0006572008132935
3, iterativefit, central, 2, 1.6, 2.5, 20, 30, 0.075, 0.0995, -5281.61032946*(x-0.075)*(x-0.075)*(x-0.075)+193.106693848*(x-0.075)*(x-0.075)+1.21760540812*(x-0.075)+1.0166244506835938
3, iterativefit, central, 2, 1.6, 2.5, 20, 30, 0.0995, 0.1305, 730.139454503*(x-0.0995)*(x-0.0995)*(x-0.0995)-37.1567561985*(x-0.0995)*(x-0.0995)+1.16897360591*(x-0.0995)+1.0846960544586182
3, iterativefit, central, 2, 1.6, 2.5, 20, 30, 0.1305, 0.1705, -1352.02930809*(x-0.1305)*(x-0.1305)*(x-0.1305)+68.9936738736*(x-0.1305)*(x-0.1305)+0.970246768939*(x-0.1305)+1.106978178024292
3, iterativefit, central, 2, 1.6, 2.5, 20, 30, 0.1705, 0.225, 30.2562050455*(x-0.1705)*(x-0.1705)*(x-0.1705)-2.47344476247*(x-0.1705)*(x-0.1705)+0.0*(x-0.1705)+1.1696480512619019
3, iterativefit, central, 2, 1.6, 2.5, 20, 30, 0.225, 0.2995, -192.477392656*(x-0.225)*(x-0.225)*(x-0.225)+21.5093486293*(x-0.225)*(x-0.225)+0.0*(x-0.225)+1.1671991348266602
3, iterativefit, central, 2, 1.6, 2.5, 20, 30, 0.2995, 0.4065, 148.338638301*(x-0.2995)*(x-0.2995)*(x-0.2995)-23.8083514473*(x-0.2995)*(x-0.2995)+0.0*(x-0.2995)+1.2069932222366333
3, iterativefit, central, 2, 1.6, 2.5, 20, 30, 0.4065, 0.7405, 4.19003825251*(x-0.4065)*(x-0.4065)*(x-0.4065)+0.0*(x-0.4065)*(x-0.4065)+0.0*(x-0.4065)+1.1161326169967651
3, iterativefit, central, 2, 1.6, 2.5, 20, 30, 0.7405, 1.1, 1.27225220203
3, iterativefit, central, 2, 0.0, 0.8, 30, 40, -15, 0, 0.0
3, iterativefit, central, 2, 0.0, 0.8, 30, 40, 0, 0.0025, 0.774275243282
3, iterativefit, central, 2, 0.0, 0.8, 30, 40, 0.0025, 0.006, -501935.929035*(x-0.0025)*(x-0.0025)*(x-0.0025)+5994.52975597*(x-0.0025)*(x-0.0025)+0.0*(x-0.0025)+0.7742752432823181
3, iterativefit, central, 2, 0.0, 0.8, 30, 40, 0.006, 0.008, -7833993.01023*(x-0.006)*(x-0.006)*(x-0.006)+26868.885558*(x-0.006)*(x-0.006)+23.5155628997*(x-0.006)+0.8261877298355103
3, iterativefit, central, 2, 0.0, 0.8, 30, 40, 0.008, 0.01, -6233901.525*(x-0.008)*(x-0.008)*(x-0.008)+9455.9073228*(x-0.008)*(x-0.008)+36.9831890088*(x-0.008)+0.9180224537849426
3, iterativefit, central, 2, 0.0, 0.8, 30, 40, 0.01, 0.012, 172197.818756*(x-0.01)*(x-0.01)*(x-0.01)-516.593456268*(x-0.01)*(x-0.01)+0.0*(x-0.01)+0.9799412488937378
3, iterativefit, central, 2, 0.0, 0.8, 30, 40, 0.012, 0.0145, -7555035.6754*(x-0.012)*(x-0.012)*(x-0.012)+32247.2693643*(x-0.012)*(x-0.012)+0.0*(x-0.012)+0.9792524576187134
3, iterativefit, central, 2, 0.0, 0.8, 30, 40, 0.0145, 0.018, -120780.49522*(x-0.0145)*(x-0.0145)*(x-0.0145)-1346.23203706*(x-0.0145)*(x-0.0145)+19.5794279076*(x-0.0145)+1.0627504587173462
3, iterativefit, central, 2, 0.0, 0.8, 30, 40, 0.018, 0.0235, 101712.248243*(x-0.018)*(x-0.018)*(x-0.018)-974.449936697*(x-0.018)*(x-0.018)+5.71712044886*(x-0.018)+1.1096086502075195
3, iterativefit, central, 2, 0.0, 0.8, 30, 40, 0.0235, 0.033, -63553.8793492*(x-0.0235)*(x-0.0235)*(x-0.0235)+773.732148397*(x-0.0235)*(x-0.0235)+4.22855767323*(x-0.0235)+1.1284980773925781
3, iterativefit, central, 2, 0.0, 0.8, 30, 40, 0.033, 0.0575, 1373.11478713*(x-0.033)*(x-0.033)*(x-0.033)-67.8594975188*(x-0.033)*(x-0.033)+1.72225565898*(x-0.033)+1.1840091943740845
3, iterativefit, central, 2, 0.0, 0.8, 30, 40, 0.0575, 0.1175, -47.3355026897*(x-0.0575)*(x-0.0575)*(x-0.0575)+2.5392272422*(x-0.0575)*(x-0.0575)+0.869776733491*(x-0.0575)+1.2056649923324585
3, iterativefit, central, 2, 0.0, 0.8, 30, 40, 0.1175, 0.5845, -0.671390734567*(x-0.1175)*(x-0.1175)*(x-0.1175)-0.0735719026335*(x-0.1175)*(x-0.1175)+0.663260573505*(x-0.1175)+1.2567683458328247
3, iterativefit, central, 2, 0.0, 0.8, 30, 40, 0.5845, 1.1, 1.48208630085
3, iterativefit, central, 2, 0.8, 1.6, 30, 40, -15, 0, 0.0
3, iterativefit, central, 2, 0.8, 1.6, 30, 40, 0, 0.003, 0.768721103668
3, iterativefit, central, 2, 0.8, 1.6, 30, 40, 0.003, 0.008, -10891.196141*(x-0.003)*(x-0.003)*(x-0.003)+514.551274743*(x-0.003)*(x-0.003)+19.963443837*(x-0.003)+0.7687211036682129
3, iterativefit, central, 2, 0.8, 1.6, 30, 40, 0.008, 0.0125, -484840.347824*(x-0.008)*(x-0.008)*(x-0.008)+2702.38350447*(x-0.008)*(x-0.008)+24.2921168738*(x-0.008)+0.88004070520401
3, iterativefit, central, 2, 0.8, 1.6, 30, 40, 0.0125, 0.018, 22962.4825493*(x-0.0125)*(x-0.0125)*(x-0.0125)-930.220373323*(x-0.0125)*(x-0.0125)+19.1595172838*(x-0.0125)+0.9998974204063416
3, iterativefit, central, 2, 0.8, 1.6, 30, 40, 0.018, 0.0245, -79697.7701124*(x-0.018)*(x-0.018)*(x-0.018)+160.701350675*(x-0.018)*(x-0.018)+11.0109384686*(x-0.018)+1.080955982208252
3, iterativefit, central, 2, 0.8, 1.6, 30, 40, 0.0245, 0.0315, 8489.72201102*(x-0.0245)*(x-0.0245)*(x-0.0245)-231.470613742*(x-0.0245)*(x-0.0245)+2.9983636656*(x-0.0245)+1.1374297142028809
3, iterativefit, central, 2, 0.8, 1.6, 30, 40, 0.0315, 0.0395, -5821.76877508*(x-0.0315)*(x-0.0315)*(x-0.0315)+7.00096224931*(x-0.0315)*(x-0.0315)+1.00576420883*(x-0.0315)+1.1499881744384766
3, iterativefit, central, 2, 0.8, 1.6, 30, 40, 0.0395, 0.049, 142050.060556*(x-0.0395)*(x-0.0395)*(x-0.0395)-2024.21336293*(x-0.0395)*(x-0.0395)+0.0*(x-0.0395)+1.1555016040802002
3, iterativefit, central, 2, 0.8, 1.6, 30, 40, 0.049, 0.063, -52675.8220383*(x-0.049)*(x-0.049)*(x-0.049)+1106.19226281*(x-0.049)*(x-0.049)+0.0*(x-0.049)+1.0946065187454224
3, iterativefit, central, 2, 0.8, 1.6, 30, 40, 0.063, 0.1025, 459.189776098*(x-0.063)*(x-0.063)*(x-0.063)-27.2069942338*(x-0.063)*(x-0.063)+0.0*(x-0.063)+1.1668777465820312
3, iterativefit, central, 2, 0.8, 1.6, 30, 40, 0.1025, 0.1745, -823.119243885*(x-0.1025)*(x-0.1025)*(x-0.1025)+88.8968783396*(x-0.1025)*(x-0.1025)+0.0*(x-0.1025)+1.1527278423309326
3, iterativefit, central, 2, 0.8, 1.6, 30, 40, 0.1745, 0.613, -1.6220162801*(x-0.1745)*(x-0.1745)*(x-0.1745)+0.0*(x-0.1745)*(x-0.1745)+0.0*(x-0.1745)+1.3063416481018066
3, iterativefit, central, 2, 0.8, 1.6, 30, 40, 0.613, 1.1, 1.16958010197
3, iterativefit, central, 2, 1.6, 2.5, 30, 40, -15, 0, 0.0
3, iterativefit, central, 2, 1.6, 2.5, 30, 40, 0, 0.005, 0.778585076332
3, iterativefit, central, 2, 1.6, 2.5, 30, 40, 0.005, 0.014, -3401.99072334*(x-0.005)*(x-0.005)*(x-0.005)-196.550101925*(x-0.005)*(x-0.005)+19.2581746313*(x-0.005)+0.7785850763320923
3, iterativefit, central, 2, 1.6, 2.5, 30, 40, 0.014, 0.023, -47919.5169168*(x-0.014)*(x-0.014)*(x-0.014)+234.725550326*(x-0.014)*(x-0.014)+14.8935890509*(x-0.014)+0.933508038520813
3, iterativefit, central, 2, 1.6, 2.5, 30, 40, 0.023, 0.034, -16219.3590027*(x-0.023)*(x-0.023)*(x-0.023)-35.7352675964*(x-0.023)*(x-0.023)+7.47420634599*(x-0.023)+1.0516297817230225
3, iterativefit, central, 2, 1.6, 2.5, 30, 40, 0.034, 0.047, 4241.46444538*(x-0.034)*(x-0.034)*(x-0.034)-84.163668739*(x-0.034)*(x-0.034)+0.800403140899*(x-0.034)+1.1079341173171997
3, iterativefit, central, 2, 1.6, 2.5, 30, 40, 0.047, 0.062, -39391.6398273*(x-0.047)*(x-0.047)*(x-0.047)+860.892888532*(x-0.047)*(x-0.047)+0.762570227492*(x-0.047)+1.1134341955184937
3, iterativefit, central, 2, 1.6, 2.5, 30, 40, 0.062, 0.0795, 1362.7477707*(x-0.062)*(x-0.062)*(x-0.062)-35.772128981*(x-0.062)*(x-0.062)+0.0*(x-0.062)+1.1856268644332886
3, iterativefit, central, 2, 1.6, 2.5, 30, 40, 0.0795, 0.1125, -129.288264124*(x-0.0795)*(x-0.0795)*(x-0.0795)+9.65928263386*(x-0.0795)*(x-0.0795)+0.0*(x-0.0795)+1.1819751262664795
3, iterativefit, central, 2, 1.6, 2.5, 30, 40, 0.1125, 0.173, -7.07386428718*(x-0.1125)*(x-0.1125)*(x-0.1125)+1.64024684823*(x-0.1125)*(x-0.1125)+0.21512789494*(x-0.1125)+1.1878478527069092
3, iterativefit, central, 2, 1.6, 2.5, 30, 40, 0.173, 0.2515, -78.3369780269*(x-0.173)*(x-0.173)*(x-0.173)+7.08455223078*(x-0.173)*(x-0.173)+0.335921428305*(x-0.173)+1.2053003311157227
3, iterativefit, central, 2, 1.6, 2.5, 30, 40, 0.2515, 0.3345, 33.1942660982*(x-0.2515)*(x-0.2515)*(x-0.2515)-4.92757452124*(x-0.2515)*(x-0.2515)+0.0*(x-0.2515)+1.2374324798583984
3, iterativefit, central, 2, 1.6, 2.5, 30, 40, 0.3345, 0.693, 0.249515297861*(x-0.3345)*(x-0.3345)*(x-0.3345)+0.0174065139276*(x-0.3345)*(x-0.3345)-0.131951473075*(x-0.3345)+1.2224664688110352
3, iterativefit, central, 2, 1.6, 2.5, 30, 40, 0.693, 1.1, 1.18889546394
3, iterativefit, central, 2, 0.0, 0.8, 40, 60, -15, 0, 0.0
3, iterativefit, central, 2, 0.0, 0.8, 40, 60, 0, 0.002, 0.76068687439
3, iterativefit, central, 2, 0.0, 0.8, 40, 60, 0.002, 0.0055, -450187.798418*(x-0.002)*(x-0.002)*(x-0.002)+5831.04510371*(x-0.002)*(x-0.002)+11.406147218*(x-0.002)+0.7606868743896484
3, iterativefit, central, 2, 0.0, 0.8, 40, 60, 0.0055, 0.0085, -3693272.09969*(x-0.0055)*(x-0.0055)*(x-0.0055)+17173.4709519*(x-0.0055)*(x-0.0055)+35.6790613521*(x-0.0055)+0.8527368903160095
3, iterativefit, central, 2, 0.0, 0.8, 40, 60, 0.0085, 0.0115, -977754.82721*(x-0.0085)*(x-0.0085)*(x-0.0085)+111.555421995*(x-0.0085)*(x-0.0085)+39.0015403717*(x-0.0085)+1.0146169662475586
3, iterativefit, central, 2, 0.0, 0.8, 40, 60, 0.0115, 0.0145, 880522.598928*(x-0.0115)*(x-0.0115)*(x-0.0115)-4239.3702531*(x-0.0115)*(x-0.0115)+13.2714925689*(x-0.0115)+1.1062262058258057
3, iterativefit, central, 2, 0.0, 0.8, 40, 60, 0.0145, 0.018, -2153316.20124*(x-0.0145)*(x-0.0145)*(x-0.0145)+9646.4270249*(x-0.0145)*(x-0.0145)+11.6093812214*(x-0.0145)+1.1316604614257812
3, iterativefit, central, 2, 0.0, 0.8, 40, 60, 0.018, 0.022, 659372.657537*(x-0.018)*(x-0.018)*(x-0.018)-3956.23594522*(x-0.018)*(x-0.018)+0.0*(x-0.018)+1.1981385946273804
3, iterativefit, central, 2, 0.0, 0.8, 40, 60, 0.022, 0.026, -375533.008395*(x-0.022)*(x-0.022)*(x-0.022)+3783.05277752*(x-0.022)*(x-0.022)+0.0*(x-0.022)+1.1770386695861816
3, iterativefit, central, 2, 0.0, 0.8, 40, 60, 0.026, 0.0305, -1269953.19828*(x-0.026)*(x-0.026)*(x-0.026)+7212.31321983*(x-0.026)*(x-0.026)+12.2388378172*(x-0.026)+1.2135334014892578
3, iterativefit, central, 2, 0.0, 0.8, 40, 60, 0.0305, 0.037, 393691.690173*(x-0.0305)*(x-0.0305)*(x-0.0305)-3838.49397919*(x-0.0305)*(x-0.0305)+0.0*(x-0.0305)+1.2989330291748047
3, iterativefit, central, 2, 0.0, 0.8, 40, 60, 0.037, 0.0735, -2834.10187824*(x-0.037)*(x-0.037)*(x-0.037)+156.858891363*(x-0.037)*(x-0.037)+0.0*(x-0.037)+1.2448742389678955
3, iterativefit, central, 2, 0.0, 0.8, 40, 60, 0.0735, 0.558, 0.134857002422*(x-0.0735)*(x-0.0735)*(x-0.0735)-0.225460770964*(x-0.0735)*(x-0.0735)+0.123502387676*(x-0.0735)+1.316035270690918
3, iterativefit, central, 2, 0.0, 0.8, 40, 60, 0.558, 1.1, 1.33828496933
3, iterativefit, central, 2, 0.8, 1.6, 40, 60, -15, 0, 0.0
3, iterativefit, central, 2, 0.8, 1.6, 40, 60, 0, 0.002, 0.74819278717
3, iterativefit, central, 2, 0.8, 1.6, 40, 60, 0.002, 0.0045, -1013573.2342*(x-0.002)*(x-0.002)*(x-0.002)+8294.9306193*(x-0.002)*(x-0.002)+4.89963591099*(x-0.002)+0.7481927871704102
3, iterativefit, central, 2, 0.8, 1.6, 40, 60, 0.0045, 0.006, -7283414.70352*(x-0.0045)*(x-0.0045)*(x-0.0045)+20909.3413983*(x-0.0045)*(x-0.0045)+27.3697908662*(x-0.0045)+0.7964481115341187
3, iterativefit, central, 2, 0.8, 1.6, 40, 60, 0.006, 0.008, -174651.292366*(x-0.006)*(x-0.006)*(x-0.006)-374.533477846*(x-0.006)*(x-0.006)+40.9347658122*(x-0.006)+0.8599672913551331
3, iterativefit, central, 2, 0.8, 1.6, 40, 60, 0.008, 0.01, -1143639.56817*(x-0.008)*(x-0.008)*(x-0.008)+1324.78505411*(x-0.008)*(x-0.008)+37.3408163924*(x-0.008)+0.938941478729248
3, iterativefit, central, 2, 0.8, 1.6, 40, 60, 0.01, 0.012, -845536.93952*(x-0.01)*(x-0.01)*(x-0.01)-550.856651106*(x-0.01)*(x-0.01)+28.9162817909*(x-0.01)+1.0097731351852417
3, iterativefit, central, 2, 0.8, 1.6, 40, 60, 0.012, 0.0145, 787325.712415*(x-0.012)*(x-0.012)*(x-0.012)-3674.33918997*(x-0.012)*(x-0.012)+16.5664119122*(x-0.012)+1.0586379766464233
3, iterativefit, central, 2, 0.8, 1.6, 40, 60, 0.0145, 0.0185, -277410.881671*(x-0.0145)*(x-0.0145)*(x-0.0145)+1324.44952272*(x-0.0145)*(x-0.0145)+12.9570730702*(x-0.0145)+1.0893913507461548
3, iterativefit, central, 2, 0.8, 1.6, 40, 60, 0.0185, 0.0255, -17739.7838471*(x-0.0185)*(x-0.0185)*(x-0.0185)-222.64061337*(x-0.0185)*(x-0.0185)+10.2369469317*(x-0.0185)+1.1446565389633179
3, iterativefit, central, 2, 0.8, 1.6, 40, 60, 0.0255, 0.048, -563.780564659*(x-0.0255)*(x-0.0255)*(x-0.0255)-62.6344670907*(x-0.0255)*(x-0.0255)+4.51223011898*(x-0.0255)+1.1993210315704346
3, iterativefit, central, 2, 0.8, 1.6, 40, 60, 0.048, 0.1075, 98.8181752372*(x-0.048)*(x-0.048)*(x-0.048)-12.7424716181*(x-0.048)*(x-0.048)+0.837437367322*(x-0.048)+1.2627156972885132
3, iterativefit, central, 2, 0.8, 1.6, 40, 60, 0.1075, 0.5795, -0.198167061393*(x-0.1075)*(x-0.1075)*(x-0.1075)-0.0540482924479*(x-0.1075)*(x-0.1075)+0.370606379418*(x-0.1075)+1.2882472276687622
3, iterativefit, central, 2, 0.8, 1.6, 40, 60, 0.5795, 1.1, 1.43029427528
3, iterativefit, central, 2, 1.6, 2.5, 40, 60, -15, 0, 0.0
3, iterativefit, central, 2, 1.6, 2.5, 40, 60, 0, 0.0025, 0.703497231007
3, iterativefit, central, 2, 1.6, 2.5, 40, 60, 0.0025, 0.007, -20873.0080982*(x-0.0025)*(x-0.0025)*(x-0.0025)+848.022954626*(x-0.0025)*(x-0.0025)+20.4568703969*(x-0.0025)+0.7034972310066223
3, iterativefit, central, 2, 1.6, 2.5, 40, 60, 0.007, 0.0115, -420642.904184*(x-0.007)*(x-0.007)*(x-0.007)+2740.91602345*(x-0.007)*(x-0.007)+26.8210417466*(x-0.007)+0.8108235597610474
3, iterativefit, central, 2, 1.6, 2.5, 40, 60, 0.0115, 0.0165, 20182.4382277*(x-0.0115)*(x-0.0115)*(x-0.0115)-812.32399879*(x-0.0115)*(x-0.0115)+25.9352295285*(x-0.0115)+0.9486907124519348
3, iterativefit, central, 2, 1.6, 2.5, 40, 60, 0.0165, 0.022, -64333.3695648*(x-0.0165)*(x-0.0165)*(x-0.0165)-79.8565460087*(x-0.0165)*(x-0.0165)+19.3256724077*(x-0.0165)+1.0605815649032593
3, iterativefit, central, 2, 1.6, 2.5, 40, 60, 0.022, 0.0285, -65192.1211402*(x-0.022)*(x-0.022)*(x-0.022)+10.9867736197*(x-0.022)*(x-0.022)+12.6089971136*(x-0.022)+1.153753638267517
3, iterativefit, central, 2, 1.6, 2.5, 40, 60, 0.0285, 0.0355, -25726.6118309*(x-0.0285)*(x-0.0285)*(x-0.0285)-50.4937054993*(x-0.0285)*(x-0.0285)+4.48872381613*(x-0.0285)+1.2182729244232178
3, iterativefit, central, 2, 1.6, 2.5, 40, 60, 0.0355, 0.046, 40065.4428554*(x-0.0355)*(x-0.0355)*(x-0.0355)-631.030724973*(x-0.0355)*(x-0.0355)+0.0*(x-0.0355)+1.2383955717086792
3, iterativefit, central, 2, 1.6, 2.5, 40, 60, 0.046, 0.0765, -4382.58013073*(x-0.046)*(x-0.046)*(x-0.046)+200.503040981*(x-0.046)*(x-0.046)+0.0*(x-0.046)+1.215205192565918
3, iterativefit, central, 2, 1.6, 2.5, 40, 60, 0.0765, 0.1405, 618.905687588*(x-0.0765)*(x-0.0765)*(x-0.0765)-59.4149460085*(x-0.0765)*(x-0.0765)+0.0*(x-0.0765)+1.2773778438568115
3, iterativefit, central, 2, 1.6, 2.5, 40, 60, 0.1405, 0.2225, -197.364757169*(x-0.1405)*(x-0.1405)*(x-0.1405)+25.6373982216*(x-0.1405)*(x-0.1405)+0.0*(x-0.1405)+1.1962566375732422
3, iterativefit, central, 2, 1.6, 2.5, 40, 60, 0.2225, 0.637, 0.0742314797563*(x-0.2225)*(x-0.2225)*(x-0.2225)-0.315503756355*(x-0.2225)*(x-0.2225)+0.223291426734*(x-0.2225)+1.259821891784668
3, iterativefit, central, 2, 1.6, 2.5, 40, 60, 0.637, 1.1, 1.30345582962
3, iterativefit, central, 2, 0.0, 0.8, 60, 100, -15, 0, 0.0
3, iterativefit, central, 2, 0.0, 0.8, 60, 100, 0, 0.0015, 0.720935761929
3, iterativefit, central, 2, 0.0, 0.8, 60, 100, 0.0015, 0.004, -70998.7960145*(x-0.0015)*(x-0.0015)*(x-0.0015)+1613.54639842*(x-0.0015)*(x-0.0015)+44.3048550023*(x-0.0015)+0.7209357619285583
3, iterativefit, central, 2, 0.0, 0.8, 60, 100, 0.004, 0.006, 220300.492537*(x-0.004)*(x-0.004)*(x-0.004)+1217.31966085*(x-0.004)*(x-0.004)+51.0413595691*(x-0.004)+0.8406732082366943
3, iterativefit, central, 2, 0.0, 0.8, 60, 100, 0.006, 0.008, -16343606.9192*(x-0.006)*(x-0.006)*(x-0.006)+35136.9140339*(x-0.006)*(x-0.006)+58.554244123*(x-0.006)+0.9493876099586487
3, iterativefit, central, 2, 0.0, 0.8, 60, 100, 0.008, 0.01, 721895.211018*(x-0.008)*(x-0.008)*(x-0.008)-2170.54701335*(x-0.008)*(x-0.008)+2.9786172285*(x-0.008)+1.0762948989868164
3, iterativefit, central, 2, 0.0, 0.8, 60, 100, 0.01, 0.012, -23413122.2598*(x-0.01)*(x-0.01)*(x-0.01)+70133.6972306*(x-0.01)*(x-0.01)+2.95917170731*(x-0.01)+1.0793451070785522
3, iterativefit, central, 2, 0.0, 0.8, 60, 100, 0.012, 0.0145, 4380.22172609*(x-0.012)*(x-0.012)*(x-0.012)-523.724533923*(x-0.012)*(x-0.012)+2.53649351225*(x-0.012)+1.1784932613372803
3, iterativefit, central, 2, 0.0, 0.8, 60, 100, 0.0145, 0.0175, 3652210.58881*(x-0.0145)*(x-0.0145)*(x-0.0145)-16434.9476496*(x-0.0145)*(x-0.0145)+0.0*(x-0.0145)+1.1816296577453613
3, iterativefit, central, 2, 0.0, 0.8, 60, 100, 0.0175, 0.0205, -11197566.9861*(x-0.0175)*(x-0.0175)*(x-0.0175)+50389.0514374*(x-0.0175)*(x-0.0175)+0.0*(x-0.0175)+1.1323248147964478
3, iterativefit, central, 2, 0.0, 0.8, 60, 100, 0.0205, 0.0245, 1676514.74476*(x-0.0205)*(x-0.0205)*(x-0.0205)-10059.0884686*(x-0.0205)*(x-0.0205)+0.0*(x-0.0205)+1.2834919691085815
3, iterativefit, central, 2, 0.0, 0.8, 60, 100, 0.0245, 0.0625, -6108.03789605*(x-0.0245)*(x-0.0245)*(x-0.0245)+348.158160075*(x-0.0245)*(x-0.0245)+0.0*(x-0.0245)+1.2298434972763062
3, iterativefit, central, 2, 0.0, 0.8, 60, 100, 0.0625, 0.554, -0.685227135353*(x-0.0625)*(x-0.0625)*(x-0.0625)+0.0*(x-0.0625)*(x-0.0625)+0.0*(x-0.0625)+1.3974236249923706
3, iterativefit, central, 2, 0.0, 0.8, 60, 100, 0.554, 1.1, 1.31606471539
3, iterativefit, central, 2, 0.8, 1.6, 60, 100, -15, 0, 0.0
3, iterativefit, central, 2, 0.8, 1.6, 60, 100, 0, 0.0015, 0.690722227097
3, iterativefit, central, 2, 0.8, 1.6, 60, 100, 0.0015, 0.0035, -4362720.83018*(x-0.0015)*(x-0.0015)*(x-0.0015)+27268.1386927*(x-0.0015)*(x-0.0015)+5.98793228467*(x-0.0015)+0.6907222270965576
3, iterativefit, central, 2, 0.8, 1.6, 60, 100, 0.0035, 0.0045, -98407719.8589*(x-0.0035)*(x-0.0035)*(x-0.0035)+134401.300212*(x-0.0035)*(x-0.0035)+62.7078370931*(x-0.0035)+0.7768688797950745
3, iterativefit, central, 2, 0.8, 1.6, 60, 100, 0.0045, 0.006, 11609942.387*(x-0.0045)*(x-0.0045)*(x-0.0045)-27563.5514072*(x-0.0045)*(x-0.0045)+36.2872779402*(x-0.0045)+0.8755702972412109
3, iterativefit, central, 2, 0.8, 1.6, 60, 100, 0.006, 0.008, -29105313.3694*(x-0.006)*(x-0.006)*(x-0.006)+79325.0064004*(x-0.006)*(x-0.006)+31.9637348305*(x-0.006)+0.9071667790412903
3, iterativefit, central, 2, 0.8, 1.6, 60, 100, 0.008, 0.01, 4063695.66917*(x-0.008)*(x-0.008)*(x-0.008)-12191.0870075*(x-0.008)*(x-0.008)+0.0*(x-0.008)+1.0555517673492432
3, iterativefit, central, 2, 0.8, 1.6, 60, 100, 0.01, 0.012, -31044721.6034*(x-0.01)*(x-0.01)*(x-0.01)+93134.1648102*(x-0.01)*(x-0.01)+0.0*(x-0.01)+1.0392969846725464
3, iterativefit, central, 2, 0.8, 1.6, 60, 100, 0.012, 0.0145, 5119567.87109*(x-0.012)*(x-0.012)*(x-0.012)-19198.3795166*(x-0.012)*(x-0.012)+0.0*(x-0.012)+1.1634758710861206
3, iterativefit, central, 2, 0.8, 1.6, 60, 100, 0.0145, 0.019, -2620874.93603*(x-0.0145)*(x-0.0145)*(x-0.0145)+17690.9058182*(x-0.0145)*(x-0.0145)+0.0*(x-0.0145)+1.1234792470932007
3, iterativefit, central, 2, 0.8, 1.6, 60, 100, 0.019, 0.03, 33231.5374728*(x-0.019)*(x-0.019)*(x-0.019)-548.320368302*(x-0.019)*(x-0.019)+0.0*(x-0.019)+1.242892861366272
3, iterativefit, central, 2, 0.8, 1.6, 60, 100, 0.03, 0.078, -2254.13014415*(x-0.03)*(x-0.03)*(x-0.03)+169.351525916*(x-0.03)*(x-0.03)+0.0*(x-0.03)+1.2207772731781006
3, iterativefit, central, 2, 0.8, 1.6, 60, 100, 0.078, 0.564, 0.425197922777*(x-0.078)*(x-0.078)*(x-0.078)-1.0066760054*(x-0.078)*(x-0.078)+0.677198931539*(x-0.078)+1.361674427986145
3, iterativefit, central, 2, 0.8, 1.6, 60, 100, 0.564, 1.1, 1.50182926655
3, iterativefit, central, 2, 1.6, 2.5, 60, 100, -15, 0, 0.0
3, iterativefit, central, 2, 1.6, 2.5, 60, 100, 0, 0.0015, 0.711027979851
3, iterativefit, central, 2, 1.6, 2.5, 60, 100, 0.0015, 0.0035, -1599583.18124*(x-0.0015)*(x-0.0015)*(x-0.0015)+10339.1414788*(x-0.0015)*(x-0.0015)+3.72789445378*(x-0.0015)+0.711027979850769
3, iterativefit, central, 2, 1.6, 2.5, 60, 100, 0.0035, 0.005, -6767071.18791*(x-0.0035)*(x-0.0035)*(x-0.0035)+21556.1370482*(x-0.0035)*(x-0.0035)+25.8894621943*(x-0.0035)+0.7470436692237854
3, iterativefit, central, 2, 1.6, 2.5, 60, 100, 0.005, 0.007, -5437309.23242*(x-0.005)*(x-0.005)*(x-0.005)+12009.9274991*(x-0.005)*(x-0.005)+44.8801428205*(x-0.005)+0.8115403056144714
3, iterativefit, central, 2, 1.6, 2.5, 60, 100, 0.007, 0.009, 2171334.62399*(x-0.007)*(x-0.007)*(x-0.007)-8387.54486932*(x-0.007)*(x-0.007)+27.6721420279*(x-0.007)+0.9058418273925781
3, iterativefit, central, 2, 1.6, 2.5, 60, 100, 0.009, 0.0115, -589232.810379*(x-0.009)*(x-0.009)*(x-0.009)+1746.39802796*(x-0.009)*(x-0.009)+20.1779780385*(x-0.009)+0.9450066089630127
3, iterativefit, central, 2, 1.6, 2.5, 60, 100, 0.0115, 0.0155, 290507.047482*(x-0.0115)*(x-0.0115)*(x-0.0115)-1803.47721919*(x-0.0115)*(x-0.0115)+17.8618529837*(x-0.0115)+0.9971597790718079
3, iterativefit, central, 2, 1.6, 2.5, 60, 100, 0.0155, 0.0235, -369795.682387*(x-0.0155)*(x-0.0155)*(x-0.0155)+3403.82281258*(x-0.0155)*(x-0.0155)+17.3783735093*(x-0.0155)+1.0583440065383911
3, iterativefit, central, 2, 1.6, 2.5, 60, 100, 0.0235, 0.049, 970.213452411*(x-0.0235)*(x-0.0235)*(x-0.0235)-43.7236104761*(x-0.0235)*(x-0.0235)+0.838767492301*(x-0.0235)+1.2258802652359009
3, iterativefit, central, 2, 1.6, 2.5, 60, 100, 0.049, 0.11, -211.817814739*(x-0.049)*(x-0.049)*(x-0.049)+22.7723983992*(x-0.049)*(x-0.049)+0.501507250313*(x-0.049)+1.2349250316619873
3, iterativefit, central, 2, 1.6, 2.5, 60, 100, 0.11, 0.1925, -37.5809437214*(x-0.11)*(x-0.11)*(x-0.11)+1.34733747006*(x-0.11)*(x-0.11)+0.915217589074*(x-0.11)+1.30217444896698
3, iterativefit, central, 2, 1.6, 2.5, 60, 100, 0.1925, 0.622, -0.194931708014*(x-0.1925)*(x-0.1925)*(x-0.1925)-0.305349329793*(x-0.1925)*(x-0.1925)+0.370172377023*(x-0.1925)+1.3657479286193848
3, iterativefit, central, 2, 1.6, 2.5, 60, 100, 0.622, 1.1, 1.45296466351
3, iterativefit, central, 2, 0.0, 0.8, 100, 10000.0, -15, 0, 0.0
3, iterativefit, central, 2, 0.0, 0.8, 100, 10000.0, 0, 0.001, 0.706820547581
3, iterativefit, central, 2, 0.0, 0.8, 100, 10000.0, 0.001, 0.0025, -5680260.69776*(x-0.001)*(x-0.001)*(x-0.001)+25849.2361767*(x-0.001)*(x-0.001)+0.0*(x-0.001)+0.706820547580719
3, iterativefit, central, 2, 0.0, 0.8, 100, 10000.0, 0.0025, 0.0035, -11502032.4931*(x-0.0025)*(x-0.0025)*(x-0.0025)+42908.5142454*(x-0.0025)*(x-0.0025)+39.2059488203*(x-0.0025)+0.7458104491233826
3, iterativefit, central, 2, 0.0, 0.8, 100, 10000.0, 0.0035, 0.0045, -161578223.432*(x-0.0035)*(x-0.0035)*(x-0.0035)+197108.895233*(x-0.0035)*(x-0.0035)+90.5168798316*(x-0.0035)+0.8164228796958923
3, iterativefit, central, 2, 0.0, 0.8, 100, 10000.0, 0.0045, 0.0055, 23135900.4974*(x-0.0045)*(x-0.0045)*(x-0.0045)-34703.8507462*(x-0.0045)*(x-0.0045)+0.0*(x-0.0045)+0.9424704313278198
3, iterativefit, central, 2, 0.0, 0.8, 100, 10000.0, 0.0055, 0.0065, -127987794.89*(x-0.0055)*(x-0.0055)*(x-0.0055)+237165.980353*(x-0.0055)*(x-0.0055)+0.0*(x-0.0055)+0.9309024810791016
3, iterativefit, central, 2, 0.0, 0.8, 100, 10000.0, 0.0065, 0.0075, -59104505.7253*(x-0.0065)*(x-0.0065)*(x-0.0065)+45823.5704519*(x-0.0065)*(x-0.0065)+90.3685760358*(x-0.0065)+1.0400806665420532
3, iterativefit, central, 2, 0.0, 0.8, 100, 10000.0, 0.0075, 0.0095, 853505.163095*(x-0.0075)*(x-0.0075)*(x-0.0075)-2976.52432389*(x-0.0075)*(x-0.0075)+4.7021997636*(x-0.0075)+1.1171683073043823
3, iterativefit, central, 2, 0.0, 0.8, 100, 10000.0, 0.0095, 0.014, -125749.421265*(x-0.0095)*(x-0.0095)*(x-0.0095)+1307.50801961*(x-0.0095)*(x-0.0095)+3.03816442516*(x-0.0095)+1.1214946508407593
3, iterativefit, central, 2, 0.0, 0.8, 100, 10000.0, 0.014, 0.024, -93688.0636973*(x-0.014)*(x-0.014)*(x-0.014)+1073.35360747*(x-0.014)*(x-0.014)+7.16645925984*(x-0.014)+1.1501845121383667
3, iterativefit, central, 2, 0.0, 0.8, 100, 10000.0, 0.024, 0.0725, 165.881099183*(x-0.024)*(x-0.024)*(x-0.024)-14.5054324139*(x-0.024)*(x-0.024)+0.527112300116*(x-0.024)+1.2354964017868042
3, iterativefit, central, 2, 0.0, 0.8, 100, 10000.0, 0.0725, 0.562, 0.105749209504*(x-0.0725)*(x-0.0725)*(x-0.0725)+0.959060482813*(x-0.0725)*(x-0.0725)+0.29066680263*(x-0.0725)+1.2458653450012207
3, iterativefit, central, 2, 0.0, 0.8, 100, 10000.0, 0.562, 1.1, 1.63035070896
3, iterativefit, central, 2, 0.8, 1.6, 100, 10000.0, -15, 0, 0.0
3, iterativefit, central, 2, 0.8, 1.6, 100, 10000.0, 0, 0.001, 0.627721846104
3, iterativefit, central, 2, 0.8, 1.6, 100, 10000.0, 0.001, 0.0025, -3631589.39806*(x-0.001)*(x-0.001)*(x-0.001)+21662.2396091*(x-0.001)*(x-0.001)+31.5490047137*(x-0.001)+0.6277218461036682
3, iterativefit, central, 2, 0.8, 1.6, 100, 10000.0, 0.0025, 0.0035, -24561129.4854*(x-0.0025)*(x-0.0025)*(x-0.0025)+48947.0611431*(x-0.0025)*(x-0.0025)+72.022495104*(x-0.0025)+0.7115287780761719
3, iterativefit, central, 2, 0.8, 1.6, 100, 10000.0, 0.0035, 0.0045, -81339243.5542*(x-0.0035)*(x-0.0035)*(x-0.0035)+81164.6813265*(x-0.0035)*(x-0.0035)+96.2332289338*(x-0.0035)+0.8079372048377991
3, iterativefit, central, 2, 0.8, 1.6, 100, 10000.0, 0.0045, 0.0055, 12708383.3191*(x-0.0045)*(x-0.0045)*(x-0.0045)-19385.1331096*(x-0.0045)*(x-0.0045)+14.5448609242*(x-0.0045)+0.9039958715438843
3, iterativefit, central, 2, 0.8, 1.6, 100, 10000.0, 0.0055, 0.0065, -54835397.7451*(x-0.0055)*(x-0.0055)*(x-0.0055)+100487.011306*(x-0.0055)*(x-0.0055)+13.8997446621*(x-0.0055)+0.9118639826774597
3, iterativefit, central, 2, 0.8, 1.6, 100, 10000.0, 0.0065, 0.008, -15677142.9633*(x-0.0065)*(x-0.0065)*(x-0.0065)+18484.3803212*(x-0.0065)*(x-0.0065)+50.3675740388*(x-0.0065)+0.9714153409004211
3, iterativefit, central, 2, 0.8, 1.6, 100, 10000.0, 0.008, 0.0105, 1710723.87695*(x-0.008)*(x-0.008)*(x-0.008)-6415.21453857*(x-0.008)*(x-0.008)+0.0*(x-0.008)+1.0356462001800537
3, iterativefit, central, 2, 0.8, 1.6, 100, 10000.0, 0.0105, 0.016, -1849671.35297*(x-0.0105)*(x-0.0105)*(x-0.0105)+15873.6900292*(x-0.0105)*(x-0.0105)+0.0*(x-0.0105)+1.0222811698913574
3, iterativefit, central, 2, 0.8, 1.6, 100, 10000.0, 0.016, 0.042, 987.251001252*(x-0.016)*(x-0.016)*(x-0.016)-168.366539799*(x-0.016)*(x-0.016)+6.75291503901*(x-0.016)+1.1947212219238281
3, iterativefit, central, 2, 0.8, 1.6, 100, 10000.0, 0.042, 0.1085, 163.551397471*(x-0.042)*(x-0.042)*(x-0.042)-16.3142518977*(x-0.042)*(x-0.042)+0.0*(x-0.042)+1.273833155632019
3, iterativefit, central, 2, 0.8, 1.6, 100, 10000.0, 0.1085, 0.5815, 1.11096465441*(x-0.1085)*(x-0.1085)*(x-0.1085)+0.649442061974*(x-0.1085)*(x-0.1085)+0.0*(x-0.1085)+1.2497845888137817
3, iterativefit, central, 2, 0.8, 1.6, 100, 10000.0, 0.5815, 1.1, 1.51265013218
3, iterativefit, central, 2, 1.6, 2.5, 100, 10000.0, -15, 0, 0.0
3, iterativefit, central, 2, 1.6, 2.5, 100, 10000.0, 0, 0.002, 0.756311297417
3, iterativefit, central, 2, 1.6, 2.5, 100, 10000.0, 0.002, 0.0055, -62078.6862071*(x-0.002)*(x-0.002)*(x-0.002)+1575.92800316*(x-0.002)*(x-0.002)+20.2248692513*(x-0.002)+0.756311297416687
3, iterativefit, central, 2, 1.6, 2.5, 100, 10000.0, 0.0055, 0.009, -2084631.1844*(x-0.0055)*(x-0.0055)*(x-0.0055)+8872.13714858*(x-0.0055)*(x-0.0055)+28.9749735553*(x-0.0055)+0.8437418341636658
3, iterativefit, central, 2, 1.6, 2.5, 100, 10000.0, 0.009, 0.0135, 460069.694103*(x-0.009)*(x-0.009)*(x-0.009)-3314.26287464*(x-0.009)*(x-0.009)+14.4697375684*(x-0.009)+0.9644593596458435
3, iterativefit, central, 2, 1.6, 2.5, 100, 10000.0, 0.0135, 0.019, -1091959.88499*(x-0.0135)*(x-0.0135)*(x-0.0135)+7864.06854082*(x-0.0135)*(x-0.0135)+12.5906056134*(x-0.0135)+1.0043832063674927
3, iterativefit, central, 2, 1.6, 2.5, 100, 10000.0, 0.019, 0.025, 364897.427736*(x-0.019)*(x-0.019)*(x-0.019)-3284.07684962*(x-0.019)*(x-0.019)+0.0*(x-0.019)+1.1298447847366333
3, iterativefit, central, 2, 1.6, 2.5, 100, 10000.0, 0.025, 0.032, -1035250.31065*(x-0.025)*(x-0.025)*(x-0.025)+10870.1282618*(x-0.025)*(x-0.025)+0.0*(x-0.025)+1.0904358625411987
3, iterativefit, central, 2, 1.6, 2.5, 100, 10000.0, 0.032, 0.0405, 522995.538632*(x-0.032)*(x-0.032)*(x-0.032)-6668.19311756*(x-0.032)*(x-0.032)+0.0*(x-0.032)+1.2679812908172607
3, iterativefit, central, 2, 1.6, 2.5, 100, 10000.0, 0.0405, 0.051, -87302.1336282*(x-0.0405)*(x-0.0405)*(x-0.0405)+1673.16644511*(x-0.0405)*(x-0.0405)+0.0*(x-0.0405)+1.107388973236084
3, iterativefit, central, 2, 1.6, 2.5, 100, 10000.0, 0.051, 0.105, -1070.68771191*(x-0.051)*(x-0.051)*(x-0.051)+28.7505690182*(x-0.051)*(x-0.051)+6.26131464978*(x-0.051)+1.190792441368103
3, iterativefit, central, 2, 1.6, 2.5, 100, 10000.0, 0.105, 0.224, 266.02498706*(x-0.105)*(x-0.105)*(x-0.105)-47.4854601902*(x-0.105)*(x-0.105)+0.0*(x-0.105)+1.4441453218460083
3, iterativefit, central, 2, 1.6, 2.5, 100, 10000.0, 0.224, 0.6525, 4.88014173261*(x-0.224)*(x-0.224)*(x-0.224)+0.0*(x-0.224)*(x-0.224)+0.0*(x-0.224)+1.2199981212615967
3, iterativefit, central, 2, 1.6, 2.5, 100, 10000.0, 0.6525, 1.1, 1.60395717621
