OperatingPoint,measurementType,sysType,jetFlavor,etaMin,etaMax,ptMin,ptMax,discrMin,discrMax,formula
3,iterativefit,central,1,0.0,2.5,20.0,10000.0,-15.0,1.1,1.0
3,iterativefit,central,0,0.0,2.5,20.0,30.0,-15.0,0.0,1.1564406156539917
3,iterativefit,central,0,0.0,2.5,20.0,30.0,0.0,0.0475,1.1564406156539917
3,iterativefit,central,0,0.0,2.5,20.0,30.0,0.0475,0.115,-306.43113231417914*(x-0.0475)*(x-0.0475)*(x-0.0475)+92.68832202162602*(x-0.0475)*(x-0.0475)-8.324392933100077*(x-0.0475)+1.1564406156539917
3,iterativefit,central,0,0.0,2.5,20.0,30.0,0.115,0.155,-5345.432087779048*(x-0.115)*(x-0.115)*(x-0.115)+320.7259252667428*(x-0.115)*(x-0.115)+0.0*(x-0.115)+0.9226133227348328
3,iterativefit,central,0,0.0,2.5,20.0,30.0,0.155,0.1975,507.31300002171076*(x-0.155)*(x-0.155)*(x-0.155)-51.79762418703051*(x-0.155)*(x-0.155)+0.0*(x-0.155)+1.0936671495437622
3,iterativefit,central,0,0.0,2.5,20.0,30.0,0.1975,0.2425,1491.8213691885578*(x-0.1975)*(x-0.1975)*(x-0.1975)-82.32243423100596*(x-0.1975)*(x-0.1975)-1.6537957370299476*(x-0.1975)+1.03905189037323
3,iterativefit,central,0,0.0,2.5,20.0,30.0,0.2425,0.2875,-3181.6602897905714*(x-0.2425)*(x-0.2425)*(x-0.2425)+214.7620695608635*(x-0.2425)*(x-0.2425)+0.0*(x-0.2425)+0.9338703751564026
3,iterativefit,central,0,0.0,2.5,20.0,30.0,0.2875,0.3325,4516.859276958606*(x-0.2875)*(x-0.2875)*(x-0.2875)-304.88800119470613*(x-0.2875)*(x-0.2875)+0.0*(x-0.2875)+1.0788347721099854
3,iterativefit,central,0,0.0,2.5,20.0,30.0,0.3325,0.38,-5122.091179600369*(x-0.3325)*(x-0.3325)*(x-0.3325)+364.94899654652625*(x-0.3325)*(x-0.3325)+0.0*(x-0.3325)+0.8730353713035583
3,iterativefit,central,0,0.0,2.5,20.0,30.0,0.38,0.43,410.8990435867076*(x-0.38)*(x-0.38)*(x-0.38)-46.27556207313418*(x-0.38)*(x-0.38)+0.0*(x-0.38)+1.1475074291229248
3,iterativefit,central,0,0.0,2.5,20.0,30.0,0.43,0.48,930.4627185134717*(x-0.43000000000000005)*(x-0.43000000000000005)*(x-0.43000000000000005)-54.32657008437916*(x-0.43000000000000005)*(x-0.43000000000000005)-1.5458133804131098*(x-0.43000000000000005)+1.0831809043884277
3,iterativefit,central,0,0.0,2.5,20.0,30.0,0.48,0.53,-2672.2450256347583*(x-0.48)*(x-0.48)*(x-0.48)+200.41837692260702*(x-0.48)*(x-0.48)+0.0*(x-0.48)+0.9863816499710083
3,iterativefit,central,0,0.0,2.5,20.0,30.0,0.53,0.5800000000000001,150.77903205416774*(x-0.53)*(x-0.53)*(x-0.53)-23.21201678825524*(x-0.53)*(x-0.53)+0.0*(x-0.53)+1.1533969640731812
3,iterativefit,central,0,0.0,2.5,20.0,30.0,0.5800000000000001,0.63,1503.608965220679*(x-0.5800000000000001)*(x-0.5800000000000001)*(x-0.5800000000000001)-100.86708300735809*(x-0.5800000000000001)*(x-0.5800000000000001)-1.190358938419266*(x-0.5800000000000001)+1.114214301109314
3,iterativefit,central,0,0.0,2.5,20.0,30.0,0.63,0.6799999999999999,-111.82117462158249*(x-0.63)*(x-0.63)*(x-0.63)+8.386588096618675*(x-0.63)*(x-0.63)+0.0*(x-0.63)+0.9904797673225403
3,iterativefit,central,0,0.0,2.5,20.0,30.0,0.6799999999999999,0.73,1747.3297119140582*(x-0.6799999999999999)*(x-0.6799999999999999)*(x-0.6799999999999999)-131.04972839355446*(x-0.6799999999999999)*(x-0.6799999999999999)+0.0*(x-0.6799999999999999)+0.9974685907363892
3,iterativefit,central,0,0.0,2.5,20.0,30.0,0.73,0.78,-789.1011953055432*(x-0.73)*(x-0.73)*(x-0.73)+74.7967040523865*(x-0.73)*(x-0.73)+0.0*(x-0.73)+0.8882604837417603
3,iterativefit,central,0,0.0,2.5,20.0,30.0,0.78,0.8300000000000001,-494.3357228934346*(x-0.78)*(x-0.78)*(x-0.78)+21.461064812536915*(x-0.78)*(x-0.78)+1.5614114404470727*(x-0.78)+0.9766145944595337
3,iterativefit,central,0,0.0,2.5,20.0,30.0,0.8300000000000001,0.88,2485.093116760264*(x-0.8300000000000001)*(x-0.8300000000000001)*(x-0.8300000000000001)-186.38198375701953*(x-0.8300000000000001)*(x-0.8300000000000001)+0.0*(x-0.8300000000000001)+1.0465458631515503
3,iterativefit,central,0,0.0,2.5,20.0,30.0,0.88,0.93,-939.0592575073281*(x-0.88)*(x-0.88)*(x-0.88)+70.42944431304952*(x-0.88)*(x-0.88)+0.0*(x-0.88)+0.8912275433540344
3,iterativefit,central,0,0.0,2.5,20.0,30.0,0.93,0.9825,-43.31487169149021*(x-0.9299999999999999)*(x-0.9299999999999999)*(x-0.9299999999999999)-16.540687608083285*(x-0.9299999999999999)*(x-0.9299999999999999)+0.0*(x-0.9299999999999999)+0.9499187469482422
3,iterativefit,central,0,0.0,2.5,20.0,30.0,0.9825,1.1,0.89806067943573
3,iterativefit,central,0,0.0,2.5,30.0,50.0,-15.0,0.0,1.0566848516464233
3,iterativefit,central,0,0.0,2.5,30.0,50.0,0.0,0.0475,1.0566848516464233
3,iterativefit,central,0,0.0,2.5,30.0,50.0,0.0475,0.1125,11.925668431432735*(x-0.0475)*(x-0.0475)*(x-0.0475)-3.9767490599548787*(x-0.0475)*(x-0.0475)+0.0*(x-0.0475)+1.0566848516464233
3,iterativefit,central,0,0.0,2.5,30.0,50.0,0.1125,0.1525,1064.6569252397517*(x-0.1125)*(x-0.1125)*(x-0.1125)-59.306671384063534*(x-0.1125)*(x-0.1125)-0.36581953042572435*(x-0.1125)+1.0431581735610962
3,iterativefit,central,0,0.0,2.5,30.0,50.0,0.1525,0.1975,-2828.273590046026*(x-0.1525)*(x-0.1525)*(x-0.1525)+190.9084673281068*(x-0.1525)*(x-0.1525)+0.0*(x-0.1525)+1.0017727613449097
3,iterativefit,central,0,0.0,2.5,30.0,50.0,0.1975,0.2425,616.7819367026983*(x-0.1975)*(x-0.1975)*(x-0.1975)-49.93753401366088*(x-0.1975)*(x-0.1975)+0.0*(x-0.1975)+1.1306359767913818
3,iterativefit,central,0,0.0,2.5,30.0,50.0,0.2425,0.2875,-265.8860001613751*(x-0.2425)*(x-0.2425)*(x-0.2425)+15.299818783194015*(x-0.2425)*(x-0.2425)-0.747427795760588*(x-0.2425)+1.085716724395752
3,iterativefit,central,0,0.0,2.5,30.0,50.0,0.2875,0.3349999999999999,2147.6544964082864*(x-0.2875)*(x-0.2875)*(x-0.2875)-142.64457701379058*(x-0.2875)*(x-0.2875)-0.9857015562534795*(x-0.2875)+1.058835744857788
3,iterativefit,central,0,0.0,2.5,30.0,50.0,0.3349999999999999,0.385,-1537.3458862304644*(x-0.33499999999999996)*(x-0.33499999999999996)*(x-0.33499999999999996)+115.30094146728494*(x-0.33499999999999996)*(x-0.33499999999999996)+0.0*(x-0.33499999999999996)+0.9203412532806396
3,iterativefit,central,0,0.0,2.5,30.0,50.0,0.385,0.435,483.2811355590824*(x-0.385)*(x-0.385)*(x-0.385)-36.24608516693117*(x-0.385)*(x-0.385)+0.0*(x-0.385)+1.016425371170044
3,iterativefit,central,0,0.0,2.5,30.0,50.0,0.435,0.485,-1454.3142318725595*(x-0.435)*(x-0.435)*(x-0.435)+109.07356739044194*(x-0.435)*(x-0.435)+0.0*(x-0.435)+0.9862203001976013
3,iterativefit,central,0,0.0,2.5,30.0,50.0,0.485,0.535,1088.1767272949191*(x-0.485)*(x-0.485)*(x-0.485)-81.613254547119*(x-0.485)*(x-0.485)+0.0*(x-0.485)+1.0771149396896362
3,iterativefit,central,0,0.0,2.5,30.0,50.0,0.535,0.585,-8.112627297941655*(x-0.535)*(x-0.535)*(x-0.535)+2.8844693318160344*(x-0.535)*(x-0.535)+0.0*(x-0.535)+1.0091038942337036
3,iterativefit,central,0,0.0,2.5,30.0,50.0,0.585,0.635,-1021.6719687286027*(x-0.585)*(x-0.585)*(x-0.585)+74.34937537017487*(x-0.585)*(x-0.585)+0.22760222844704078*(x-0.585)+1.015300989151001
3,iterativefit,central,0,0.0,2.5,30.0,50.0,0.635,0.685,596.2104797363265*(x-0.635)*(x-0.635)*(x-0.635)-44.71578598022453*(x-0.635)*(x-0.635)+0.0*(x-0.635)+1.0848455429077148
3,iterativefit,central,0,0.0,2.5,30.0,50.0,0.685,0.735,-356.57691955566554*(x-0.685)*(x-0.685)*(x-0.685)+26.74326896667488*(x-0.685)*(x-0.685)+0.0*(x-0.685)+1.0475823879241943
3,iterativefit,central,0,0.0,2.5,30.0,50.0,0.735,0.785,549.5818078102005*(x-0.735)*(x-0.735)*(x-0.735)-49.21246975452368*(x-0.735)*(x-0.735)+0.0*(x-0.735)+1.0698684453964233
3,iterativefit,central,0,0.0,2.5,30.0,50.0,0.785,0.835,186.0363900245588*(x-0.785)*(x-0.785)*(x-0.785)-5.958895083083265*(x-0.785)*(x-0.785)-0.7993834168758618*(x-0.785)+1.0155349969863892
3,iterativefit,central,0,0.0,2.5,30.0,50.0,0.835,0.885,-685.868263244627*(x-0.835)*(x-0.835)*(x-0.835)+51.44011974334707*(x-0.835)*(x-0.835)+0.0*(x-0.835)+0.9839231371879578
3,iterativefit,central,0,0.0,2.5,30.0,50.0,0.885,0.9325,7.856163737713658*(x-0.885)*(x-0.885)*(x-0.885)-2.516002639064296*(x-0.885)*(x-0.885)+0.0*(x-0.885)+1.026789903640747
3,iterativefit,central,0,0.0,2.5,30.0,50.0,0.9325,0.9825,173.0199679277022*(x-0.9325)*(x-0.9325)*(x-0.9325)-28.17797797820969*(x-0.9325)*(x-0.9325)-0.1858438424114588*(x-0.9325)+1.021955132484436
3,iterativefit,central,0,0.0,2.5,30.0,50.0,0.9825,1.1,0.9638454914093019
3,iterativefit,central,0,0.0,2.5,50.0,70.0,-15.0,0.0,1.062638521194458
3,iterativefit,central,0,0.0,2.5,50.0,70.0,0.0,0.0475,1.062638521194458
3,iterativefit,central,0,0.0,2.5,50.0,70.0,0.0475,0.115,-16.14684597867767*(x-0.0475)*(x-0.0475)*(x-0.0475)-1.0026399303908093*(x-0.0475)*(x-0.0475)+0.3923302831024575*(x-0.0475)+1.062638521194458
3,iterativefit,central,0,0.0,2.5,50.0,70.0,0.115,0.1575,-3.0659668503619373*(x-0.115)*(x-0.115)*(x-0.115)-0.23121157244998808*(x-0.115)*(x-0.115)+0.036266691528647726*(x-0.115)+1.0795866250991821
3,iterativefit,central,0,0.0,2.5,50.0,70.0,0.1575,0.205,27.834933706980667*(x-0.1575)*(x-0.1575)*(x-0.1575)-5.617709245715625*(x-0.1575)*(x-0.1575)+0.0*(x-0.1575)+1.0804749727249146
3,iterativefit,central,0,0.0,2.5,50.0,70.0,0.205,0.255,308.7428386246831*(x-0.20500000000000002)*(x-0.20500000000000002)*(x-0.20500000000000002)-31.87182605096772*(x-0.20500000000000002)*(x-0.20500000000000002)-0.3452746708138591*(x-0.20500000000000002)+1.0707831382751465
3,iterativefit,central,0,0.0,2.5,50.0,70.0,0.255,0.305,530.2191009931933*(x-0.255)*(x-0.255)*(x-0.255)-27.597572712234456*(x-0.255)*(x-0.255)-1.2168859862255084*(x-0.255)+1.0124326944351196
3,iterativefit,central,0,0.0,2.5,50.0,70.0,0.305,0.355,-1079.1775999346996*(x-0.30500000000000005)*(x-0.30500000000000005)*(x-0.30500000000000005)+95.527540732819*(x-0.30500000000000005)*(x-0.30500000000000005)+0.0*(x-0.30500000000000005)+0.9488718509674072
3,iterativefit,central,0,0.0,2.5,50.0,70.0,0.355,0.405,-315.56676009094326*(x-0.355)*(x-0.355)*(x-0.355)+9.078286269104156*(x-0.355)*(x-0.355)+1.4589220737716622*(x-0.355)+1.0527935028076172
3,iterativefit,central,0,0.0,2.5,50.0,70.0,0.405,0.4549999999999999,2270.2293395996185*(x-0.405)*(x-0.405)*(x-0.405)-170.26720046997116*(x-0.405)*(x-0.405)+0.0*(x-0.405)+1.1089894771575928
3,iterativefit,central,0,0.0,2.5,50.0,70.0,0.4549999999999999,0.505,-1622.425308960507*(x-0.45499999999999996)*(x-0.45499999999999996)*(x-0.45499999999999996)+131.60744861452923*(x-0.45499999999999996)*(x-0.45499999999999996)+0.0*(x-0.45499999999999996)+0.9671001434326172
3,iterativefit,central,0,0.0,2.5,50.0,70.0,0.505,0.5549999999999999,-65.1762518372541*(x-0.505)*(x-0.505)*(x-0.505)-4.237866677518941*(x-0.505)*(x-0.505)+0.9925550442491117*(x-0.505)+1.093315601348877
3,iterativefit,central,0,0.0,2.5,50.0,70.0,0.5549999999999999,0.605,-2.2125365046713545*(x-0.5549999999999999)*(x-0.5549999999999999)*(x-0.5549999999999999)-0.6335246393277848*(x-0.5549999999999999)*(x-0.5549999999999999)+0.07994648771781372*(x-0.5549999999999999)+1.1242016553878784
3,iterativefit,central,0,0.0,2.5,50.0,70.0,0.605,0.655,590.0025227657137*(x-0.605)*(x-0.605)*(x-0.605)-56.544565454081564*(x-0.605)*(x-0.605)+0.0*(x-0.605)+1.1263386011123657
3,iterativefit,central,0,0.0,2.5,50.0,70.0,0.655,0.7050000000000001,288.8503436915658*(x-0.655)*(x-0.655)*(x-0.655)-12.395669140735158*(x-0.655)*(x-0.655)-1.2294376246653007*(x-0.655)+1.058727502822876
3,iterativefit,central,0,0.0,2.5,50.0,70.0,0.7050000000000001,0.755,18.771221804758035*(x-0.7050000000000001)*(x-0.7050000000000001)*(x-0.7050000000000001)+1.6184279751638564*(x-0.7050000000000001)*(x-0.7050000000000001)-0.3026269610520703*(x-0.7050000000000001)+1.0023727416992188
3,iterativefit,central,0,0.0,2.5,50.0,70.0,0.755,0.8049999999999999,-49.60923326480095*(x-0.755)*(x-0.755)*(x-0.755)+6.501438683503727*(x-0.755)*(x-0.755)+0.0*(x-0.755)+0.9936338663101196
3,iterativefit,central,0,0.0,2.5,50.0,70.0,0.8049999999999999,0.855,-249.39065111147954*(x-0.8049999999999999)*(x-0.8049999999999999)*(x-0.8049999999999999)+15.923552644717327*(x-0.8049999999999999)*(x-0.8049999999999999)+0.2780746188643657*(x-0.8049999999999999)+1.0036863088607788
3,iterativefit,central,0,0.0,2.5,50.0,70.0,0.855,0.9025,935.183128960917*(x-0.855)*(x-0.855)*(x-0.855)-66.63179793846547*(x-0.855)*(x-0.855)+0.0*(x-0.855)+1.0262250900268555
3,iterativefit,central,0,0.0,2.5,50.0,70.0,0.9025,0.945,-1028.2196970449904*(x-0.9025000000000001)*(x-0.9025000000000001)*(x-0.9025000000000001)+65.54900568661812*(x-0.9025000000000001)*(x-0.9025000000000001)+0.0*(x-0.9025000000000001)+0.976112425327301
3,iterativefit,central,0,0.0,2.5,50.0,70.0,0.945,0.9875,40.388194650393395*(x-0.9450000000000001)*(x-0.9450000000000001)*(x-0.9450000000000001)-26.999163380131197*(x-0.9450000000000001)*(x-0.9450000000000001)+0.0*(x-0.9450000000000001)+1.0155783891677856
3,iterativefit,central,0,0.0,2.5,50.0,70.0,0.9875,1.1,0.9699115753173828
3,iterativefit,central,0,0.0,2.5,70.0,100.0,-15.0,0.0,1.1552464962005615
3,iterativefit,central,0,0.0,2.5,70.0,100.0,0.0,0.045,1.1552464962005615
3,iterativefit,central,0,0.0,2.5,70.0,100.0,0.045,0.1125,40.78235881657492*(x-0.045)*(x-0.045)*(x-0.045)+12.942001130061486*(x-0.045)*(x-0.045)-2.3046140196323592*(x-0.045)+1.1552464962005615
3,iterativefit,central,0,0.0,2.5,70.0,100.0,0.1125,0.16,-496.1230974187655*(x-0.1125)*(x-0.1125)*(x-0.1125)+35.34877069108704*(x-0.1125)*(x-0.1125)+0.0*(x-0.1125)+1.0711945295333862
3,iterativefit,central,0,0.0,2.5,70.0,100.0,0.16,0.21,882.5187683105474*(x-0.16)*(x-0.16)*(x-0.16)-66.18890762329104*(x-0.16)*(x-0.16)+0.0*(x-0.16)+1.0977797508239746
3,iterativefit,central,0,0.0,2.5,70.0,100.0,0.21,0.26,-1094.205856323241*(x-0.21)*(x-0.21)*(x-0.21)+82.06543922424311*(x-0.21)*(x-0.21)+0.0*(x-0.21)+1.0426223278045654
3,iterativefit,central,0,0.0,2.5,70.0,100.0,0.26,0.31,2097.0363616943373*(x-0.26)*(x-0.26)*(x-0.26)-157.27772712707525*(x-0.26)*(x-0.26)+0.0*(x-0.26)+1.111010193824768
3,iterativefit,central,0,0.0,2.5,70.0,100.0,0.31,0.36,-509.72956780342207*(x-0.31)*(x-0.31)*(x-0.31)+41.31704288907247*(x-0.31)*(x-0.31)+0.0*(x-0.31)+0.9799454212188721
3,iterativefit,central,0,0.0,2.5,70.0,100.0,0.36,0.41,101.4655686849108*(x-0.36)*(x-0.36)*(x-0.36)-7.412632411017822*(x-0.36)*(x-0.36)+0.30873253038158255*(x-0.36)+1.0195218324661255
3,iterativefit,central,0,0.0,2.5,70.0,100.0,0.41,0.4599999999999999,-783.6527333847177*(x-0.41000000000000003)*(x-0.41000000000000003)*(x-0.41000000000000003)+55.48934445968743*(x-0.41000000000000003)*(x-0.41000000000000003)+0.32846105441663204*(x-0.41000000000000003)+1.029110074043274
3,iterativefit,central,0,0.0,2.5,70.0,100.0,0.4599999999999999,0.51,851.0036468505838*(x-0.45999999999999996)*(x-0.45999999999999996)*(x-0.45999999999999996)-63.82527351379384*(x-0.45999999999999996)*(x-0.45999999999999996)+0.0*(x-0.45999999999999996)+1.0862998962402344
3,iterativefit,central,0,0.0,2.5,70.0,100.0,0.51,0.56,-534.7957611083971*(x-0.51)*(x-0.51)*(x-0.51)+40.10968208312981*(x-0.51)*(x-0.51)+0.0*(x-0.51)+1.0331121683120728
3,iterativefit,central,0,0.0,2.5,70.0,100.0,0.56,0.61,361.6657257080093*(x-0.56)*(x-0.56)*(x-0.56)-27.12492942810066*(x-0.56)*(x-0.56)+0.0*(x-0.56)+1.0665369033813477
3,iterativefit,central,0,0.0,2.5,70.0,100.0,0.61,0.66,-1106.9812774658174*(x-0.61)*(x-0.61)*(x-0.61)+83.02359580993638*(x-0.61)*(x-0.61)+0.0*(x-0.61)+1.0439327955245972
3,iterativefit,central,0,0.0,2.5,70.0,100.0,0.66,0.71,1919.6672439575273*(x-0.66)*(x-0.66)*(x-0.66)-143.97504329681436*(x-0.66)*(x-0.66)+0.0*(x-0.66)+1.113119125366211
3,iterativefit,central,0,0.0,2.5,70.0,100.0,0.71,0.76,-484.1426960087906*(x-0.71)*(x-0.71)*(x-0.71)+38.74206121492927*(x-0.71)*(x-0.71)+0.0*(x-0.71)+0.993139922618866
3,iterativefit,central,0,0.0,2.5,70.0,100.0,0.76,0.81,-19.536410913576994*(x-0.76)*(x-0.76)*(x-0.76)-0.9661281957516685*(x-0.76)*(x-0.76)+0.24313590142699465*(x-0.76)+1.0294772386550903
3,iterativefit,central,0,0.0,2.5,70.0,100.0,0.81,0.86,764.3060684204131*(x-0.81)*(x-0.81)*(x-0.81)-57.32295513153091*(x-0.81)*(x-0.81)+0.0*(x-0.81)+1.0367766618728638
3,iterativefit,central,0,0.0,2.5,70.0,100.0,0.86,0.9075,-820.6521131707663*(x-0.86)*(x-0.86)*(x-0.86)+58.471463063417076*(x-0.86)*(x-0.86)+0.0*(x-0.86)+0.9890075325965881
3,iterativefit,central,0,0.0,2.5,70.0,100.0,0.9075,0.95,1782.32470573924*(x-0.9075)*(x-0.9075)*(x-0.9075)-113.62319999087651*(x-0.9075)*(x-0.9075)+0.0*(x-0.9075)+1.0329829454421997
3,iterativefit,central,0,0.0,2.5,70.0,100.0,0.95,0.99,3.0202791094779884*(x-0.95)*(x-0.95)*(x-0.95)+1.3877787807814457e-17*(x-0.95)*(x-0.95)+0.0*(x-0.95)+0.9645723104476929
3,iterativefit,central,0,0.0,2.5,70.0,100.0,0.99,1.1,0.9647656083106995
3,iterativefit,central,0,0.0,2.5,100.0,140.0,-15.0,0.0,1.2323288917541504
3,iterativefit,central,0,0.0,2.5,100.0,140.0,0.0,0.0475,1.2323288917541504
3,iterativefit,central,0,0.0,2.5,100.0,140.0,0.0475,0.12,0.8272487586915921*(x-0.0475)*(x-0.0475)*(x-0.0475)+1.8438302077888444*(x-0.0475)*(x-0.0475)-0.9747534533104034*(x-0.0475)+1.2323288917541504
3,iterativefit,central,0,0.0,2.5,100.0,140.0,0.12,0.1699999999999999,-117.67259379466988*(x-0.12)*(x-0.12)*(x-0.12)+7.700470906770026*(x-0.12)*(x-0.12)-0.694353394317403*(x-0.12)+1.171666145324707
3,iterativefit,central,0,0.0,2.5,100.0,140.0,0.1699999999999999,0.22,-16.0967627890784*(x-0.16999999999999998)*(x-0.16999999999999998)*(x-0.16999999999999998)-7.394866231477039*(x-0.16999999999999998)*(x-0.16999999999999998)-0.8068507571004241*(x-0.16999999999999998)+1.1414905786514282
3,iterativefit,central,0,0.0,2.5,100.0,140.0,0.22,0.27,1450.074249889957*(x-0.22)*(x-0.22)*(x-0.22)-92.08493773008466*(x-0.22)*(x-0.22)-1.6670631011662163*(x-0.22)+1.0806487798690796
3,iterativefit,central,0,0.0,2.5,100.0,140.0,0.27,0.3199999999999999,-3151.36528015138*(x-0.27)*(x-0.27)*(x-0.27)+236.35239601135316*(x-0.27)*(x-0.27)+0.0*(x-0.27)+0.9483425617218018
3,iterativefit,central,0,0.0,2.5,100.0,140.0,0.3199999999999999,0.37,1197.9064941406218*(x-0.31999999999999995)*(x-0.31999999999999995)*(x-0.31999999999999995)-89.84298706054672*(x-0.31999999999999995)*(x-0.31999999999999995)+0.0*(x-0.31999999999999995)+1.1453028917312622
3,iterativefit,central,0,0.0,2.5,100.0,140.0,0.37,0.42,-1374.1989135742149*(x-0.37)*(x-0.37)*(x-0.37)+103.06491851806621*(x-0.37)*(x-0.37)+0.0*(x-0.37)+1.0704337358474731
3,iterativefit,central,0,0.0,2.5,100.0,140.0,0.42,0.47,2742.3671014611623*(x-0.42000000000000004)*(x-0.42000000000000004)*(x-0.42000000000000004)-215.77622059735012*(x-0.42000000000000004)*(x-0.42000000000000004)+0.0*(x-0.42000000000000004)+1.1563211679458618
3,iterativefit,central,0,0.0,2.5,100.0,140.0,0.47,0.52,59.501004964568054*(x-0.47)*(x-0.47)*(x-0.47)+5.6361126154206085*(x-0.47)*(x-0.47)-1.0098687987763226*(x-0.47)+0.9596765041351318
3,iterativefit,central,0,0.0,2.5,100.0,140.0,0.52,0.5700000000000001,-152.37201618637357*(x-0.52)*(x-0.52)*(x-0.52)+21.176487886650204*(x-0.52)*(x-0.52)+0.0*(x-0.52)+0.9307109713554382
3,iterativefit,central,0,0.0,2.5,100.0,140.0,0.5700000000000001,0.62,-997.9254143187029*(x-0.5700000000000001)*(x-0.5700000000000001)*(x-0.5700000000000001)+65.09581940123041*(x-0.5700000000000001)*(x-0.5700000000000001)+0.9748586672672186*(x-0.5700000000000001)+0.9646056890487671
3,iterativefit,central,0,0.0,2.5,100.0,140.0,0.62,0.6699999999999999,554.8381805419943*(x-0.62)*(x-0.62)*(x-0.62)-41.61286354064952*(x-0.62)*(x-0.62)+0.0*(x-0.62)+1.0513474941253662
3,iterativefit,central,0,0.0,2.5,100.0,140.0,0.6699999999999999,0.72,-1486.9384765624961*(x-0.6699999999999999)*(x-0.6699999999999999)*(x-0.6699999999999999)+111.5203857421873*(x-0.6699999999999999)*(x-0.6699999999999999)+0.0*(x-0.6699999999999999)+1.0166701078414917
3,iterativefit,central,0,0.0,2.5,100.0,140.0,0.72,0.77,1143.2148494822645*(x-0.72)*(x-0.72)*(x-0.72)-89.00645513585638*(x-0.72)*(x-0.72)+0.0*(x-0.72)+1.109603762626648
3,iterativefit,central,0,0.0,2.5,100.0,140.0,0.77,0.8200000000000001,-117.24175197846868*(x-0.77)*(x-0.77)*(x-0.77)+8.75435988005908*(x-0.77)*(x-0.77)-0.32653414246864726*(x-0.77)+1.02998948097229
3,iterativefit,central,0,0.0,2.5,100.0,140.0,0.8200000000000001,0.87,1306.2805735270617*(x-0.8200000000000001)*(x-0.8200000000000001)*(x-0.8200000000000001)-94.66693007151696*(x-0.8200000000000001)*(x-0.8200000000000001)-0.3304112943012551*(x-0.8200000000000001)+1.0208934545516968
3,iterativefit,central,0,0.0,2.5,100.0,140.0,0.87,0.9175,-983.0586738778995*(x-0.87)*(x-0.87)*(x-0.87)+70.75450869429804*(x-0.87)*(x-0.87)+0.0*(x-0.87)+0.9309906363487244
3,iterativefit,central,0,0.0,2.5,100.0,140.0,0.9175,0.9575,-2.4926446626242833*(x-0.9175)*(x-0.9175)*(x-0.9175)-0.6954404095835919*(x-0.9175)*(x-0.9175)+0.06759992714728398*(x-0.9175)+0.9852742552757263
3,iterativefit,central,0,0.0,2.5,100.0,140.0,0.9575,0.9925,355.9701412597626*(x-0.9575)*(x-0.9575)*(x-0.9575)-36.71434744685704*(x-0.9575)*(x-0.9575)+0.0*(x-0.9575)+0.986706018447876
3,iterativefit,central,0,0.0,2.5,100.0,140.0,0.9925,1.1,0.9569931626319885
3,iterativefit,central,0,0.0,2.5,140.0,10000.0,-15.0,0.0,1.4102003574371338
3,iterativefit,central,0,0.0,2.5,140.0,10000.0,0.0,0.05,1.4102003574371338
3,iterativefit,central,0,0.0,2.5,140.0,10000.0,0.05,0.125,83.04194768343515*(x-0.05)*(x-0.05)*(x-0.05)-21.047121736793663*(x-0.05)*(x-0.05)+0.0*(x-0.05)+1.4102003574371338
3,iterativefit,central,0,0.0,2.5,140.0,10000.0,0.125,0.175,1291.3187082227648*(x-0.125)*(x-0.125)*(x-0.125)-100.71444546994202*(x-0.125)*(x-0.125)-1.755735393361081*(x-0.125)+1.3268436193466187
3,iterativefit,central,0,0.0,2.5,140.0,10000.0,0.175,0.225,-508.6710590714223*(x-0.175)*(x-0.175)*(x-0.175)+37.648232474893945*(x-0.175)*(x-0.175)-2.142289628684549*(x-0.175)+1.1486855745315552
3,iterativefit,central,0,0.0,2.5,140.0,10000.0,0.225,0.275,2208.5858644849145*(x-0.225)*(x-0.225)*(x-0.225)-143.7189465940604*(x-0.225)*(x-0.225)-2.192499324230823*(x-0.225)+1.0721077919006348
3,iterativefit,central,0,0.0,2.5,140.0,10000.0,0.275,0.3249999999999999,-2913.2547378540157*(x-0.275)*(x-0.275)*(x-0.275)+218.4941053390509*(x-0.275)*(x-0.275)+0.0*(x-0.275)+0.8792586922645569
3,iterativefit,central,0,0.0,2.5,140.0,10000.0,0.3249999999999999,0.375,1360.7711791992149*(x-0.32499999999999996)*(x-0.32499999999999996)*(x-0.32499999999999996)-102.05783843994121*(x-0.32499999999999996)*(x-0.32499999999999996)+0.0*(x-0.32499999999999996)+1.0613371133804321
3,iterativefit,central,0,0.0,2.5,140.0,10000.0,0.375,0.425,-1786.7393493652296*(x-0.375)*(x-0.375)*(x-0.375)+134.00545120239235*(x-0.375)*(x-0.375)+0.0*(x-0.375)+0.976288914680481
3,iterativefit,central,0,0.0,2.5,140.0,10000.0,0.425,0.475,4019.581794738786*(x-0.42500000000000004)*(x-0.42500000000000004)*(x-0.42500000000000004)-301.4686346054085*(x-0.42500000000000004)*(x-0.42500000000000004)+0.0*(x-0.42500000000000004)+1.087960124015808
3,iterativefit,central,0,0.0,2.5,140.0,10000.0,0.475,0.525,-2264.229461166937*(x-0.475)*(x-0.475)*(x-0.475)+169.89661080706512*(x-0.475)*(x-0.475)+0.0*(x-0.475)+0.836736261844635
3,iterativefit,central,0,0.0,2.5,140.0,10000.0,0.525,0.575,3.1531289434087744*(x-0.525)*(x-0.525)*(x-0.525)-0.2369462901294264*(x-0.525)*(x-0.525)+0.007940121954467949*(x-0.525)+0.9784491062164307
3,iterativefit,central,0,0.0,2.5,140.0,10000.0,0.575,0.625,-400.802009148721*(x-0.575)*(x-0.575)*(x-0.575)+30.83638671577343*(x-0.575)*(x-0.575)+0.007893960017091087*(x-0.575)+0.9786478877067566
3,iterativefit,central,0,0.0,2.5,140.0,10000.0,0.625,0.675,-2.8966277624920878*(x-0.625)*(x-0.625)*(x-0.625)-0.6379285476033284*(x-0.625)*(x-0.625)+0.08551756297902359*(x-0.625)+1.0060333013534546
3,iterativefit,central,0,0.0,2.5,140.0,10000.0,0.675,0.725,1703.7048339843816*(x-0.675)*(x-0.675)*(x-0.675)-127.77786254882844*(x-0.675)*(x-0.675)+0.0*(x-0.675)+1.008352279663086
3,iterativefit,central,0,0.0,2.5,140.0,10000.0,0.725,0.775,-74.16775383083376*(x-0.725)*(x-0.725)*(x-0.725)+13.362528163953783*(x-0.725)*(x-0.725)+0.0*(x-0.725)+0.9018707275390625
3,iterativefit,central,0,0.0,2.5,140.0,10000.0,0.775,0.825,-1312.4661699685353*(x-0.775)*(x-0.775)*(x-0.775)+90.63501612099876*(x-0.775)*(x-0.775)+0.7799946626641253*(x-0.775)+0.9260060787200928
3,iterativefit,central,0,0.0,2.5,140.0,10000.0,0.825,0.8725,1587.5293433477136*(x-0.825)*(x-0.825)*(x-0.825)-119.58817836201585*(x-0.825)*(x-0.825)+0.0*(x-0.825)+1.027535080909729
3,iterativefit,central,0,0.0,2.5,140.0,10000.0,0.8725,0.915,64.61798734882125*(x-0.8725)*(x-0.8725)*(x-0.8725)+3.1192821489438174*(x-0.8725)*(x-0.8725)-0.6152877016066493*(x-0.8725)+0.9278527498245239
3,iterativefit,central,0,0.0,2.5,140.0,10000.0,0.915,0.9525,-253.88340134966285*(x-0.915)*(x-0.915)*(x-0.915)+20.31147363351167*(x-0.915)*(x-0.915)+0.0*(x-0.915)+0.9122976660728455
3,iterativefit,central,0,0.0,2.5,140.0,10000.0,0.9525,0.99,-4.519184227266577*(x-0.9525)*(x-0.9525)*(x-0.9525)+1.7786267578544568*(x-0.9525)*(x-0.9525)+0.45228992306948546*(x-0.9525)+0.9274722933769226
3,iterativefit,central,0,0.0,2.5,140.0,10000.0,0.99,1.1,0.9466960430145263
3,iterativefit,central,2,0.0,0.8,20.0,30.0,-15.0,0.0,0.7702855467796326
3,iterativefit,central,2,0.0,0.8,20.0,30.0,0.0,0.0025,0.7702855467796326
3,iterativefit,central,2,0.0,0.8,20.0,30.0,0.0025,0.0075,-163.53212348022345*(x-0.0025)*(x-0.0025)*(x-0.0025)+50.94993524508596*(x-0.0025)*(x-0.0025)+14.867186546325689*(x-0.0025)+0.7702855467796326
3,iterativefit,central,2,0.0,0.8,20.0,30.0,0.0075,0.0125,68203.66013952477*(x-0.0075)*(x-0.0075)*(x-0.0075)-290.06836545253765*(x-0.0075)*(x-0.0075)+15.364420989515532*(x-0.0075)+0.8458747863769531
3,iterativefit,central,2,0.0,0.8,20.0,30.0,0.0125,0.0175,-286665.75772658817*(x-0.0125)*(x-0.0125)*(x-0.0125)+1937.7762631394498*(x-0.0125)*(x-0.0125)+17.579011845454513*(x-0.0125)+0.923970639705658
3,iterativefit,central,2,0.0,0.8,20.0,30.0,0.0175,0.0225,21187.175031386992*(x-0.0175)*(x-0.0175)*(x-0.0175)-686.1416467543766*(x-0.0175)*(x-0.0175)+15.45684264735489*(x-0.0175)+1.0244768857955933
3,iterativefit,central,2,0.0,0.8,20.0,30.0,0.0225,0.0275,-206405.57805997977*(x-0.0225)*(x-0.0225)*(x-0.0225)+708.4443168917711*(x-0.0225)*(x-0.0225)+10.18446430716515*(x-0.0225)+1.0872559547424316
3,iterativefit,central,2,0.0,0.8,20.0,30.0,0.0275,0.0325,63466.55596968673*(x-0.0275)*(x-0.0275)*(x-0.0275)-475.33597068142177*(x-0.0275)*(x-0.0275)+1.788489121584374*(x-0.0275)+1.1300886869430542
3,iterativefit,central,2,0.0,0.8,20.0,30.0,0.0325,0.0375,-420470.5590141667*(x-0.0325)*(x-0.0325)*(x-0.0325)+3519.4993031623208*(x-0.0325)*(x-0.0325)+1.795121112496662*(x-0.0325)+1.1350810527801514
3,iterativefit,central,2,0.0,0.8,20.0,30.0,0.0375,0.0424999999999999,-34249.588124948845*(x-0.037500000000000006)*(x-0.037500000000000006)*(x-0.037500000000000006)-132.45835479336435*(x-0.037500000000000006)*(x-0.037500000000000006)+5.454822218057343*(x-0.037500000000000006)+1.1794853210449219
3,iterativefit,central,2,0.0,0.8,20.0,30.0,0.0424999999999999,0.0475,38245.10816092002*(x-0.042499999999999996)*(x-0.042499999999999996)*(x-0.042499999999999996)-308.7414738291334*(x-0.042499999999999996)*(x-0.042499999999999996)+1.561519560752548*(x-0.042499999999999996)+1.1991667747497559
3,iterativefit,central,2,0.0,0.8,20.0,30.0,0.0475,0.0525,20493.73491250627*(x-0.0475)*(x-0.0475)*(x-0.0475)+60.986215032889376*(x-0.0475)*(x-0.0475)+1.3424879345302176*(x-0.0475)+1.2040364742279053
3,iterativefit,central,2,0.0,0.8,20.0,30.0,0.0525,0.0574999999999999,-586682.1160868703*(x-0.052500000000000005)*(x-0.052500000000000005)*(x-0.052500000000000005)+4051.1778503218093*(x-0.052500000000000005)*(x-0.052500000000000005)+3.489380203297085*(x-0.052500000000000005)+1.214835286140442
3,iterativefit,central,2,0.0,0.8,20.0,30.0,0.0574999999999999,0.0625,624998.0926513656*(x-0.057499999999999996)*(x-0.057499999999999996)*(x-0.057499999999999996)-4687.485694885246*(x-0.057499999999999996)*(x-0.057499999999999996)+0.0*(x-0.057499999999999996)+1.2602263689041138
3,iterativefit,central,2,0.0,0.8,20.0,30.0,0.0625,0.07,-320975.1095151266*(x-0.0625)*(x-0.0625)*(x-0.0625)+3891.162740851297*(x-0.0625)*(x-0.0625)+0.0*(x-0.0625)+1.2211639881134033
3,iterativefit,central,2,0.0,0.8,20.0,30.0,0.07,0.0824999999999999,-4099.542029612627*(x-0.07)*(x-0.07)*(x-0.07)-91.24924222843498*(x-0.07)*(x-0.07)+4.202891382091785*(x-0.07)+1.3046305179595947
3,iterativefit,central,2,0.0,0.8,20.0,30.0,0.0824999999999999,0.1075,3220.581054687497*(x-0.08249999999999999)*(x-0.08249999999999999)*(x-0.08249999999999999)-120.77178955078116*(x-0.08249999999999999)*(x-0.08249999999999999)+0.0*(x-0.08249999999999999)+1.334902048110962
3,iterativefit,central,2,0.0,0.8,20.0,30.0,0.1075,0.15,-1908.6748088616941*(x-0.1075)*(x-0.1075)*(x-0.1075)+121.678019064933*(x-0.1075)*(x-0.1075)+0.0*(x-0.1075)+1.3097412586212158
3,iterativefit,central,2,0.0,0.8,20.0,30.0,0.15,0.2,1578.3081054687484*(x-0.15)*(x-0.15)*(x-0.15)-118.37310791015616*(x-0.15)*(x-0.15)+0.0*(x-0.15)+1.3830015659332275
3,iterativefit,central,2,0.0,0.8,20.0,30.0,0.2,0.25,-2493.208920094277*(x-0.2)*(x-0.2)*(x-0.2)+206.91533263191113*(x-0.2)*(x-0.2)+0.0*(x-0.2)+1.2843573093414307
3,iterativefit,central,2,0.0,0.8,20.0,30.0,0.25,0.6425000000000001,-0.8691430434561597*(x-0.25)*(x-0.25)*(x-0.25)-2.0264657433359354*(x-0.25)*(x-0.25)+1.9924663624840386*(x-0.25)+1.4899945259094238
3,iterativefit,central,2,0.0,0.8,20.0,30.0,0.6425000000000001,1.1,1.9072933197021487
3,iterativefit,central,2,0.8,1.6,20.0,30.0,-15.0,0.0,0.8870611786842346
3,iterativefit,central,2,0.8,1.6,20.0,30.0,0.0,0.0025,0.8870611786842346
3,iterativefit,central,2,0.8,1.6,20.0,30.0,0.0025,0.0075,-7815.668302247974*(x-0.0025)*(x-0.0025)*(x-0.0025)+277.61732199524835*(x-0.0025)*(x-0.0025)+4.894965887069705*(x-0.0025)+0.8870611786842346
3,iterativefit,central,2,0.8,1.6,20.0,30.0,0.0075,0.0125,-166421.89362694375*(x-0.0075)*(x-0.0075)*(x-0.0075)+1109.7267901299674*(x-0.0075)*(x-0.0075)+7.084963984353589*(x-0.0075)+0.9174994826316833
3,iterativefit,central,2,0.8,1.6,20.0,30.0,0.0125,0.0175,163868.77869860549*(x-0.0125)*(x-0.0125)*(x-0.0125)-1100.4278047876387*(x-0.0125)*(x-0.0125)+5.700589863632479*(x-0.0125)+0.9598647356033325
3,iterativefit,central,2,0.8,1.6,20.0,30.0,0.0175,0.0225,-1217324.4478047034*(x-0.0175)*(x-0.0175)*(x-0.0175)+8431.28633672012*(x-0.0175)*(x-0.0175)+6.9864702181515055*(x-0.0175)+0.9813405871391296
3,iterativefit,central,2,0.8,1.6,20.0,30.0,0.0225,0.0275,403032.3028564451*(x-0.0225)*(x-0.0225)*(x-0.0225)-3022.742271423339*(x-0.0225)*(x-0.0225)+0.0*(x-0.0225)+1.0748895406723022
3,iterativefit,central,2,0.8,1.6,20.0,30.0,0.0275,0.0325,-234325.66811158363*(x-0.0275)*(x-0.0275)*(x-0.0275)+1849.3379200256916*(x-0.0275)*(x-0.0275)+0.0*(x-0.0275)+1.0497000217437744
3,iterativefit,central,2,0.8,1.6,20.0,30.0,0.0325,0.0375,34811.07141507692*(x-0.0325)*(x-0.0325)*(x-0.0325)-251.53533103162619*(x-0.0325)*(x-0.0325)+0.9189540918881407*(x-0.0325)+1.0666427612304688
3,iterativefit,central,2,0.8,1.6,20.0,30.0,0.0375,0.0424999999999999,-714365.4781689768*(x-0.037500000000000006)*(x-0.037500000000000006)*(x-0.037500000000000006)+5584.450577977207*(x-0.037500000000000006)*(x-0.037500000000000006)+1.0144311377026503*(x-0.037500000000000006)+1.0693005323410034
3,iterativefit,central,2,0.8,1.6,20.0,30.0,0.0424999999999999,0.0475,-22822.209761062626*(x-0.042499999999999996)*(x-0.042499999999999996)*(x-0.042499999999999996)-156.98603227218533*(x-0.042499999999999996)*(x-0.042499999999999996)+3.281526054801555*(x-0.042499999999999996)+1.1246882677078247
3,iterativefit,central,2,0.8,1.6,20.0,30.0,0.0475,0.055,116634.79275173612*(x-0.0475)*(x-0.0475)*(x-0.0475)-1312.1414184570312*(x-0.0475)*(x-0.0475)+0.0*(x-0.0475)+1.134318470954895
3,iterativefit,central,2,0.8,1.6,20.0,30.0,0.055,0.065,-107451.67732238762*(x-0.055)*(x-0.055)*(x-0.055)+1611.7751598358147*(x-0.055)*(x-0.055)+0.0*(x-0.055)+1.1097158193588257
3,iterativefit,central,2,0.8,1.6,20.0,30.0,0.065,0.0775,59855.71289062484*(x-0.065)*(x-0.065)*(x-0.065)-1122.2946166992167*(x-0.065)*(x-0.065)+0.0*(x-0.065)+1.1634416580200195
3,iterativefit,central,2,0.8,1.6,20.0,30.0,0.0775,0.0975,-3311.9789413987487*(x-0.07750000000000001)*(x-0.07750000000000001)*(x-0.07750000000000001)+154.96317873871112*(x-0.07750000000000001)*(x-0.07750000000000001)+0.0*(x-0.07750000000000001)+1.1049888134002686
3,iterativefit,central,2,0.8,1.6,20.0,30.0,0.0975,0.1325,-2537.8423816468908*(x-0.0975)*(x-0.0975)*(x-0.0975)+116.5938253724878*(x-0.0975)*(x-0.0975)+2.224152419869947*(x-0.0975)+1.140478253364563
3,iterativefit,central,2,0.8,1.6,20.0,30.0,0.1325,0.18,288.92610098718956*(x-0.1325)*(x-0.1325)*(x-0.1325)-23.205071189729583*(x-0.1325)*(x-0.1325)+1.0591494433917683*(x-0.1325)+1.2523410320281982
3,iterativefit,central,2,0.8,1.6,20.0,30.0,0.18,0.2299999999999999,-653.2786869204363*(x-0.18)*(x-0.18)*(x-0.18)+40.892539254787735*(x-0.18)*(x-0.18)+0.8103362264244967*(x-0.18)+1.2812589406967163
3,iterativefit,central,2,0.8,1.6,20.0,30.0,0.2299999999999999,0.28,2238.477706909174*(x-0.22999999999999998)*(x-0.22999999999999998)*(x-0.22999999999999998)-167.8858280181882*(x-0.22999999999999998)*(x-0.22999999999999998)+0.0*(x-0.22999999999999998)+1.342347264289856
3,iterativefit,central,2,0.8,1.6,20.0,30.0,0.28,0.3299999999999999,-3115.115854763246*(x-0.28)*(x-0.28)*(x-0.28)+251.68756115552074*(x-0.28)*(x-0.28)+0.0*(x-0.28)+1.2024424076080322
3,iterativefit,central,2,0.8,1.6,20.0,30.0,0.3299999999999999,0.6825,0.28837451774232653*(x-0.32999999999999996)*(x-0.32999999999999996)*(x-0.32999999999999996)-2.713310940905557*(x-0.32999999999999996)*(x-0.32999999999999996)+1.805387204827758*(x-0.32999999999999996)+1.4422718286514282
3,iterativefit,central,2,0.8,1.6,20.0,30.0,0.6825,1.1,1.7541558742523193
3,iterativefit,central,2,1.6,2.5,20.0,30.0,-15.0,0.0,0.9500542283058167
3,iterativefit,central,2,1.6,2.5,20.0,30.0,0.0,0.005,0.9500542283058167
3,iterativefit,central,2,1.6,2.5,20.0,30.0,0.005,0.0125,-8452.636556836143*(x-0.005)*(x-0.005)*(x-0.005)+246.0170479392919*(x-0.005)*(x-0.005)+0.0*(x-0.005)+0.9500542283058167
3,iterativefit,central,2,1.6,2.5,20.0,30.0,0.0125,0.0175,-90832.5568217575*(x-0.0125)*(x-0.0125)*(x-0.0125)+1057.4369941708014*(x-0.0125)*(x-0.0125)+2.2638733001232794*(x-0.0125)+0.9603267312049866
3,iterativefit,central,2,1.6,2.5,20.0,30.0,0.0175,0.0225,14714.511011234934*(x-0.0175)*(x-0.0175)*(x-0.0175)+124.57029526623474*(x-0.0175)*(x-0.0175)+6.025801480199481*(x-0.0175)+0.9867279529571533
3,iterativefit,central,2,1.6,2.5,20.0,30.0,0.0225,0.0275,-495885.03782076715*(x-0.0225)*(x-0.0225)*(x-0.0225)+2881.6285077853095*(x-0.0225)*(x-0.0225)+8.375092758704447*(x-0.0225)+1.021810531616211
3,iterativefit,central,2,1.6,2.5,20.0,30.0,0.0275,0.0325,20922.25549418264*(x-0.0275)*(x-0.0275)*(x-0.0275)-323.3698605397608*(x-0.0275)*(x-0.0275)+0.0*(x-0.0275)+1.07374107837677
3,iterativefit,central,2,1.6,2.5,20.0,30.0,0.0325,0.0375,211882.1859141039*(x-0.0325)*(x-0.0325)*(x-0.0325)-1422.66345002239*(x-0.0325)*(x-0.0325)-1.66452944333391*(x-0.0325)+1.0682721138000488
3,iterativefit,central,2,1.6,2.5,20.0,30.0,0.0375,0.0424999999999999,-852197.5707099538*(x-0.037500000000000006)*(x-0.037500000000000006)*(x-0.037500000000000006)+6744.799232028774*(x-0.037500000000000006)*(x-0.037500000000000006)+0.0*(x-0.037500000000000006)+1.0508681535720825
3,iterativefit,central,2,1.6,2.5,20.0,30.0,0.0424999999999999,0.0475,-23437.42361522197*(x-0.042499999999999996)*(x-0.042499999999999996)*(x-0.042499999999999996)-177.53677458996688*(x-0.042499999999999996)*(x-0.042499999999999996)+3.533174517041321*(x-0.042499999999999996)+1.1129634380340576
3,iterativefit,central,2,1.6,2.5,20.0,30.0,0.0475,0.055,426255.9678819445*(x-0.0475)*(x-0.0475)*(x-0.0475)-4795.379638671875*(x-0.0475)*(x-0.0475)+0.0*(x-0.0475)+1.1232612133026123
3,iterativefit,central,2,1.6,2.5,20.0,30.0,0.055,0.065,-134188.41361999506*(x-0.055)*(x-0.055)*(x-0.055)+2012.826204299926*(x-0.055)*(x-0.055)+0.0*(x-0.055)+1.0333478450775146
3,iterativefit,central,2,1.6,2.5,20.0,30.0,0.065,0.0825,4536.575895704263*(x-0.065)*(x-0.065)*(x-0.065)-119.0851172622369*(x-0.065)*(x-0.065)+0.0*(x-0.065)+1.1004420518875122
3,iterativefit,central,2,1.6,2.5,20.0,30.0,0.0825,0.115,-1271.8556863606343*(x-0.0825)*(x-0.0825)*(x-0.0825)+78.1349494464904*(x-0.0825)*(x-0.0825)+0.0*(x-0.0825)+1.0882854461669922
3,iterativefit,central,2,1.6,2.5,20.0,30.0,0.115,0.16,-392.8231323946154*(x-0.115)*(x-0.115)*(x-0.115)+14.86468357145192*(x-0.115)*(x-0.115)+1.0485790078666157*(x-0.115)+1.127155065536499
3,iterativefit,central,2,1.6,2.5,20.0,30.0,0.16,0.21,481.52135165972527*(x-0.16)*(x-0.16)*(x-0.16)-43.34810890378705*(x-0.16)*(x-0.16)+0.0*(x-0.16)+1.1686460971832275
3,iterativefit,central,2,1.6,2.5,20.0,30.0,0.21,0.26,173.8850906733965*(x-0.21)*(x-0.21)*(x-0.21)-5.807374271197084*(x-0.21)*(x-0.21)-0.7234007529307659*(x-0.21)+1.1204659938812256
3,iterativefit,central,2,1.6,2.5,20.0,30.0,0.26,0.31,-3736.4654541015652*(x-0.26)*(x-0.26)*(x-0.26)+280.2349090576173*(x-0.26)*(x-0.26)+0.0*(x-0.26)+1.0915131568908691
3,iterativefit,central,2,1.6,2.5,20.0,30.0,0.31,0.36,965.0183036153586*(x-0.31)*(x-0.31)*(x-0.31)-103.79977382334607*(x-0.31)*(x-0.31)+0.0*(x-0.31)+1.3250422477722168
3,iterativefit,central,2,1.6,2.5,20.0,30.0,0.36,0.415,1344.1155787994003*(x-0.36)*(x-0.36)*(x-0.36)-82.89027418020237*(x-0.36)*(x-0.36)-3.142340105219418*(x-0.36)+1.1861701011657715
3,iterativefit,central,2,1.6,2.5,20.0,30.0,0.415,0.7275,-0.14404656985598507*(x-0.41500000000000004)*(x-0.41500000000000004)*(x-0.41500000000000004)+0.16739604951936565*(x-0.41500000000000004)*(x-0.41500000000000004)-0.062421387437107914*(x-0.41500000000000004)+0.9862255454063416
3,iterativefit,central,2,1.6,2.5,20.0,30.0,0.7275,1.1,0.9786701798439026
3,iterativefit,central,2,0.0,0.8,30.0,40.0,-15.0,0.0,0.8047897815704346
3,iterativefit,central,2,0.0,0.8,30.0,40.0,0.0,0.0025,0.8047897815704346
3,iterativefit,central,2,0.0,0.8,30.0,40.0,0.0025,0.0075,-2510.167031344964*(x-0.0025)*(x-0.0025)*(x-0.0025)-214.49040935011186*(x-0.0025)*(x-0.0025)+22.805988788604743*(x-0.0025)+0.8047897815704346
3,iterativefit,central,2,0.0,0.8,30.0,40.0,0.0075,0.0125,178166.01682818535*(x-0.0075)*(x-0.0075)*(x-0.0075)-1105.3204934910386*(x-0.0075)*(x-0.0075)+20.472822167752753*(x-0.0075)+0.9131436944007874
3,iterativefit,central,2,0.0,0.8,30.0,40.0,0.0125,0.0175,-718478.319939958*(x-0.0125)*(x-0.0125)*(x-0.0125)+4554.29512330375*(x-0.0125)*(x-0.0125)+22.78206849495627*(x-0.0125)+1.0101455450057983
3,iterativefit,central,2,0.0,0.8,30.0,40.0,0.0175,0.0225,-204681.7140350855*(x-0.0175)*(x-0.0175)*(x-0.0175)+91.19828201344944*(x-0.0175)*(x-0.0175)+14.439145732496902*(x-0.0175)+1.1481034755706787
3,iterativefit,central,2,0.0,0.8,30.0,40.0,0.0225,0.0275,1687658.3099365223*(x-0.0225)*(x-0.0225)*(x-0.0225)-12657.43732452392*(x-0.0225)*(x-0.0225)+0.0*(x-0.0225)+1.1969939470291138
3,iterativefit,central,2,0.0,0.8,30.0,40.0,0.0275,0.0325,-240731.12060742563*(x-0.0275)*(x-0.0275)*(x-0.0275)+3861.5459228613463*(x-0.0275)*(x-0.0275)+0.0*(x-0.0275)+1.091515302658081
3,iterativefit,central,2,0.0,0.8,30.0,40.0,0.0325,0.0375,-2809702.7545185504*(x-0.0325)*(x-0.0325)*(x-0.0325)+19016.708140583494*(x-0.0325)*(x-0.0325)+20.56062518305654*(x-0.0325)+1.1579625606536865
3,iterativefit,central,2,0.0,0.8,30.0,40.0,0.0375,0.0424999999999999,1609670.6390380953*(x-0.037500000000000006)*(x-0.037500000000000006)*(x-0.037500000000000006)-12072.529792785692*(x-0.037500000000000006)*(x-0.037500000000000006)+0.0*(x-0.037500000000000006)+1.3849705457687378
3,iterativefit,central,2,0.0,0.8,30.0,40.0,0.0424999999999999,0.0475,-1444343.5668945273*(x-0.042499999999999996)*(x-0.042499999999999996)*(x-0.042499999999999996)+10832.576751708964*(x-0.042499999999999996)*(x-0.042499999999999996)+0.0*(x-0.042499999999999996)+1.2843661308288574
3,iterativefit,central,2,0.0,0.8,30.0,40.0,0.0475,0.0525,1521184.9212646442*(x-0.0475)*(x-0.0475)*(x-0.0475)-11408.886909484843*(x-0.0475)*(x-0.0475)+0.0*(x-0.0475)+1.3746376037597656
3,iterativefit,central,2,0.0,0.8,30.0,40.0,0.0525,0.0574999999999999,-1863548.2788086042*(x-0.052500000000000005)*(x-0.052500000000000005)*(x-0.052500000000000005)+13976.612091064504*(x-0.052500000000000005)*(x-0.052500000000000005)+0.0*(x-0.052500000000000005)+1.279563546180725
3,iterativefit,central,2,0.0,0.8,30.0,40.0,0.0574999999999999,0.0625,1391962.051391598*(x-0.057499999999999996)*(x-0.057499999999999996)*(x-0.057499999999999996)-10439.715385436994*(x-0.057499999999999996)*(x-0.057499999999999996)+0.0*(x-0.057499999999999996)+1.3960353136062622
3,iterativefit,central,2,0.0,0.8,30.0,40.0,0.0625,0.0675,-1426523.2086181603*(x-0.0625)*(x-0.0625)*(x-0.0625)+10698.924064636212*(x-0.0625)*(x-0.0625)+0.0*(x-0.0625)+1.309037685394287
3,iterativefit,central,2,0.0,0.8,30.0,40.0,0.0675,0.0725,3423563.00354003*(x-0.0675)*(x-0.0675)*(x-0.0675)-25676.72252655025*(x-0.0675)*(x-0.0675)+0.0*(x-0.0675)+1.3981953859329224
3,iterativefit,central,2,0.0,0.8,30.0,40.0,0.0725,0.0775,-3311897.27783205*(x-0.07250000000000001)*(x-0.07250000000000001)*(x-0.07250000000000001)+24839.22958374033*(x-0.07250000000000001)*(x-0.07250000000000001)+0.0*(x-0.07250000000000001)+1.18422269821167
3,iterativefit,central,2,0.0,0.8,30.0,40.0,0.0775,0.0849999999999999,279378.8203486698*(x-0.0775)*(x-0.0775)*(x-0.0775)-3143.011728922532*(x-0.0775)*(x-0.0775)+0.0*(x-0.0775)+1.3912162780761719
3,iterativefit,central,2,0.0,0.8,30.0,40.0,0.0849999999999999,0.0975,-188778.8085937495*(x-0.08499999999999999)*(x-0.08499999999999999)*(x-0.08499999999999999)+3539.602661132806*(x-0.08499999999999999)*(x-0.08499999999999999)+0.0*(x-0.08499999999999999)+1.3322848081588745
3,iterativefit,central,2,0.0,0.8,30.0,40.0,0.0975,0.13,4241.776672557748*(x-0.0975)*(x-0.0975)*(x-0.0975)-206.78661278719022*(x-0.0975)*(x-0.0975)+0.0*(x-0.0975)+1.5166391134262085
3,iterativefit,central,2,0.0,0.8,30.0,40.0,0.13,0.5825,2.474437798978857*(x-0.13)*(x-0.13)*(x-0.13)+2.220446049250313e-16*(x-0.13)*(x-0.13)+0.0*(x-0.13)+1.4438329935073853
3,iterativefit,central,2,0.0,0.8,30.0,40.0,0.5825,1.1,1.6730951070785522
3,iterativefit,central,2,0.8,1.6,30.0,40.0,-15.0,0.0,0.8645592331886292
3,iterativefit,central,2,0.8,1.6,30.0,40.0,0.0,0.0025,0.8645592331886292
3,iterativefit,central,2,0.8,1.6,30.0,40.0,0.0025,0.0075,-1234.91111982375*(x-0.0025)*(x-0.0025)*(x-0.0025)-124.53962248620914*(x-0.0025)*(x-0.0025)+15.143114328384405*(x-0.0025)+0.8645592331886292
3,iterativefit,central,2,0.8,1.6,30.0,40.0,0.0075,0.0125,78718.88851273849*(x-0.0075)*(x-0.0075)*(x-0.0075)-518.1340650499012*(x-0.0075)*(x-0.0075)+13.805099769535534*(x-0.0075)+0.937006950378418
3,iterativefit,central,2,0.8,1.6,30.0,40.0,0.0125,0.0175,-713191.1416973931*(x-0.0125)*(x-0.0125)*(x-0.0125)+3896.1659869812593*(x-0.0125)*(x-0.0125)+14.527675757491911*(x-0.0125)+1.0029189586639404
3,iterativefit,central,2,0.8,1.6,30.0,40.0,0.0175,0.0225,210990.90576171907*(x-0.0175)*(x-0.0175)*(x-0.0175)-1582.4317932128924*(x-0.0175)*(x-0.0175)+0.0*(x-0.0175)+1.0838125944137573
3,iterativefit,central,2,0.8,1.6,30.0,40.0,0.0225,0.0275,-1220073.6999511712*(x-0.0225)*(x-0.0225)*(x-0.0225)+9150.552749633785*(x-0.0225)*(x-0.0225)+0.0*(x-0.0225)+1.07062566280365
3,iterativefit,central,2,0.8,1.6,30.0,40.0,0.0275,0.0325,291397.0947265623*(x-0.0275)*(x-0.0275)*(x-0.0275)-2185.478210449218*(x-0.0275)*(x-0.0275)+0.0*(x-0.0275)+1.1468802690505981
3,iterativefit,central,2,0.8,1.6,30.0,40.0,0.0325,0.0375,-999.3889873233159*(x-0.0325)*(x-0.0325)*(x-0.0325)+35.042454274995436*(x-0.0325)*(x-0.0325)+0.0*(x-0.0325)+1.128667950630188
3,iterativefit,central,2,0.8,1.6,30.0,40.0,0.0375,0.0424999999999999,-39593.38219136754*(x-0.037500000000000006)*(x-0.037500000000000006)*(x-0.037500000000000006)+474.14114776357235*(x-0.037500000000000006)*(x-0.037500000000000006)+0.27547036870070585*(x-0.037500000000000006)+1.1294190883636475
3,iterativefit,central,2,0.8,1.6,30.0,40.0,0.0424999999999999,0.0475,-132513.7472323637*(x-0.042499999999999996)*(x-0.042499999999999996)*(x-0.042499999999999996)+789.1152860443424*(x-0.042499999999999996)*(x-0.042499999999999996)+2.0473781819838655*(x-0.042499999999999996)+1.1377007961273193
3,iterativefit,central,2,0.8,1.6,30.0,40.0,0.0475,0.0525,997171.4019775364*(x-0.0475)*(x-0.0475)*(x-0.0475)-7478.785514831529*(x-0.0475)*(x-0.0475)+0.0*(x-0.0475)+1.1511013507843018
3,iterativefit,central,2,0.8,1.6,30.0,40.0,0.0525,0.0574999999999999,-3643533.7066650596*(x-0.052500000000000005)*(x-0.052500000000000005)*(x-0.052500000000000005)+27326.502799987895*(x-0.052500000000000005)*(x-0.052500000000000005)+0.0*(x-0.052500000000000005)+1.0887781381607056
3,iterativefit,central,2,0.8,1.6,30.0,40.0,0.0574999999999999,0.0625,3496809.005737296*(x-0.057499999999999996)*(x-0.057499999999999996)*(x-0.057499999999999996)-26226.06754302974*(x-0.057499999999999996)*(x-0.057499999999999996)+0.0*(x-0.057499999999999996)+1.3164989948272705
3,iterativefit,central,2,0.8,1.6,30.0,40.0,0.0625,0.0675,-833702.4236729711*(x-0.0625)*(x-0.0625)*(x-0.0625)+6978.003275896592*(x-0.0625)*(x-0.0625)+0.0*(x-0.0625)+1.097948431968689
3,iterativefit,central,2,0.8,1.6,30.0,40.0,0.0675,0.075,43435.64847901451*(x-0.0675)*(x-0.0675)*(x-0.0675)-670.0257167030968*(x-0.0675)*(x-0.0675)+7.252350983493044*(x-0.0675)+1.1681857109069824
3,iterativefit,central,2,0.8,1.6,30.0,40.0,0.075,0.0849999999999999,-42450.53029396007*(x-0.07500000000000001)*(x-0.07500000000000001)*(x-0.07500000000000001)+410.1714087203847*(x-0.07500000000000001)*(x-0.07500000000000001)+4.531730913780295*(x-0.07500000000000001)+1.2032138109207153
3,iterativefit,central,2,0.8,1.6,30.0,40.0,0.0849999999999999,0.0975,59693.96972656234*(x-0.08499999999999999)*(x-0.08499999999999999)*(x-0.08499999999999999)-1119.2619323730448*(x-0.08499999999999999)*(x-0.08499999999999999)+0.0*(x-0.08499999999999999)+1.2470977306365967
3,iterativefit,central,2,0.8,1.6,30.0,40.0,0.0975,0.125,-13969.033634609741*(x-0.0975)*(x-0.0975)*(x-0.0975)+597.4688181594125*(x-0.0975)*(x-0.0975)+0.0*(x-0.0975)+1.1888028383255005
3,iterativefit,central,2,0.8,1.6,30.0,40.0,0.125,0.1699999999999999,196.49577601445563*(x-0.125)*(x-0.125)*(x-0.125)-21.43104973366266*(x-0.125)*(x-0.125)+1.1685399402468428*(x-0.125)+1.3501263856887817
3,iterativefit,central,2,0.8,1.6,30.0,40.0,0.1699999999999999,0.6025,-0.7447491988684806*(x-0.16999999999999998)*(x-0.16999999999999998)*(x-0.16999999999999998)-0.006444227988376072*(x-0.16999999999999998)*(x-0.16999999999999998)+0.433457303505021*(x-0.16999999999999998)+1.37721848487854
3,iterativefit,central,2,0.8,1.6,30.0,40.0,0.6025,1.1,1.5032317638397217
3,iterativefit,central,2,1.6,2.5,30.0,40.0,-15.0,0.0,0.9762992858886719
3,iterativefit,central,2,1.6,2.5,30.0,40.0,0.0,0.0025,0.9762992858886719
3,iterativefit,central,2,1.6,2.5,30.0,40.0,0.0025,0.0075,-176779.74700927731*(x-0.0025)*(x-0.0025)*(x-0.0025)+2827.2056579589844*(x-0.0025)*(x-0.0025)-15.013575553894043*(x-0.0025)+0.9762992858886719
3,iterativefit,central,2,1.6,2.5,30.0,40.0,0.0075,0.0125,-793926.6221690866*(x-0.0075)*(x-0.0075)*(x-0.0075)+6796.838768804417*(x-0.0075)*(x-0.0075)+0.0*(x-0.0075)+0.9498140811920166
3,iterativefit,central,2,1.6,2.5,30.0,40.0,0.0125,0.0175,71537.67500072722*(x-0.0125)*(x-0.0125)*(x-0.0125)-842.553555173825*(x-0.0125)*(x-0.0125)+8.423891025362662*(x-0.0125)+1.0204942226409912
3,iterativefit,central,2,1.6,2.5,30.0,40.0,0.0175,0.0225,-208.36712045571934*(x-0.0175)*(x-0.0175)*(x-0.0175)-101.75992063253508*(x-0.0175)*(x-0.0175)+5.363681098678954*(x-0.0175)+1.0504920482635498
3,iterativefit,central,2,1.6,2.5,30.0,40.0,0.0225,0.0275,-139714.7938068713*(x-0.0225)*(x-0.0225)*(x-0.0225)+614.8155177195925*(x-0.0225)*(x-0.0225)+4.330454358319425*(x-0.0225)+1.0747404098510742
3,iterativefit,central,2,1.6,2.5,30.0,40.0,0.0275,0.0325,355641.3353808853*(x-0.0275)*(x-0.0275)*(x-0.0275)-3293.599934045539*(x-0.0275)*(x-0.0275)+0.0*(x-0.0275)+1.0942987203598022
3,iterativefit,central,2,1.6,2.5,30.0,40.0,0.0325,0.0375,176465.00481447869*(x-0.0325)*(x-0.0325)*(x-0.0325)-697.1976174196925*(x-0.0325)*(x-0.0325)-6.262899186888993*(x-0.0325)+1.0564138889312744
3,iterativefit,central,2,1.6,2.5,30.0,40.0,0.0375,0.0424999999999999,-922238.0569985422*(x-0.037500000000000006)*(x-0.037500000000000006)*(x-0.037500000000000006)+6945.374931599155*(x-0.037500000000000006)*(x-0.037500000000000006)+0.0*(x-0.037500000000000006)+1.029727578163147
3,iterativefit,central,2,1.6,2.5,30.0,40.0,0.0424999999999999,0.0475,-141.80455713079994*(x-0.042499999999999996)*(x-0.042499999999999996)*(x-0.042499999999999996)-27.525969931621635*(x-0.042499999999999996)*(x-0.042499999999999996)+0.2858950411010266*(x-0.042499999999999996)+1.088082194328308
3,iterativefit,central,2,1.6,2.5,30.0,40.0,0.0475,0.0525,1132381.4392089813*(x-0.0475)*(x-0.0475)*(x-0.0475)-8492.860794067368*(x-0.0475)*(x-0.0475)+0.0*(x-0.0475)+1.0888057947158813
3,iterativefit,central,2,1.6,2.5,30.0,40.0,0.0525,0.0574999999999999,-214256.94751244574*(x-0.052500000000000005)*(x-0.052500000000000005)*(x-0.052500000000000005)+2288.9742517223876*(x-0.052500000000000005)*(x-0.052500000000000005)+0.0*(x-0.052500000000000005)+1.0180319547653198
3,iterativefit,central,2,1.6,2.5,30.0,40.0,0.0574999999999999,0.065,-34236.65934497194*(x-0.057499999999999996)*(x-0.057499999999999996)*(x-0.057499999999999996)+401.6381574443069*(x-0.057499999999999996)*(x-0.057499999999999996)+6.8204714537904625*(x-0.057499999999999996)+1.0484741926193237
3,iterativefit,central,2,1.6,2.5,30.0,40.0,0.065,0.0775,-35148.659329907176*(x-0.065)*(x-0.065)*(x-0.065)+376.33306039611864*(x-0.065)*(x-0.065)+7.067607550991045*(x-0.065)+1.1077762842178345
3,iterativefit,central,2,1.6,2.5,30.0,40.0,0.0775,0.1,27341.635956522234*(x-0.07750000000000001)*(x-0.07750000000000001)*(x-0.07750000000000001)-922.7802135326251*(x-0.07750000000000001)*(x-0.07750000000000001)+0.0*(x-0.07750000000000001)+1.1862736940383911
3,iterativefit,central,2,1.6,2.5,30.0,40.0,0.1,0.14,-1620.6014755958631*(x-0.1)*(x-0.1)*(x-0.1)+122.06791283128385*(x-0.1)*(x-0.1)+0.0*(x-0.1)+1.0305545330047607
3,iterativefit,central,2,1.6,2.5,30.0,40.0,0.14,0.19,-596.2698366543028*(x-0.14)*(x-0.14)*(x-0.14)+24.854778312647053*(x-0.14)*(x-0.14)+1.9865459436425648*(x-0.14)+1.1221446990966797
3,iterativefit,central,2,1.6,2.5,30.0,40.0,0.19,0.24,992.8053142833127*(x-0.19)*(x-0.19)*(x-0.19)-86.29325987004943*(x-0.19)*(x-0.19)+0.0*(x-0.19)+1.2090752124786377
3,iterativefit,central,2,1.6,2.5,30.0,40.0,0.24,0.295,181.65325258867654*(x-0.24)*(x-0.24)*(x-0.24)-4.229246703292203*(x-0.24)*(x-0.24)-1.1832861298800996*(x-0.24)+1.1174427270889282
3,iterativefit,central,2,1.6,2.5,30.0,40.0,0.295,0.6675,1.9132777647281407*(x-0.29500000000000004)*(x-0.29500000000000004)*(x-0.29500000000000004)+2.220446049250313e-16*(x-0.29500000000000004)*(x-0.29500000000000004)+0.0*(x-0.29500000000000004)+1.0697910785675049
3,iterativefit,central,2,1.6,2.5,30.0,40.0,0.6675,1.1,1.1686820983886719
3,iterativefit,central,2,0.0,0.8,40.0,60.0,-15.0,0.0,0.8411548733711243
3,iterativefit,central,2,0.0,0.8,40.0,60.0,0.0,0.0025,0.8411548733711243
3,iterativefit,central,2,0.0,0.8,40.0,60.0,0.0025,0.0075,-22308.196539140405*(x-0.0025)*(x-0.0025)*(x-0.0025)+879.1927790366432*(x-0.0025)*(x-0.0025)+18.739300966262828*(x-0.0025)+0.8411548733711243
3,iterativefit,central,2,0.0,0.8,40.0,60.0,0.0075,0.0125,-1038628.185824709*(x-0.0075)*(x-0.0075)*(x-0.0075)+6072.3337081601885*(x-0.0075)*(x-0.0075)+25.85811401619373*(x-0.0075)+0.9540426731109619
3,iterativefit,central,2,0.0,0.8,40.0,60.0,0.0125,0.0175,215242.09480213764*(x-0.0125)*(x-0.0125)*(x-0.0125)-1799.1170678813032*(x-0.0125)*(x-0.0125)+8.68433716094243*(x-0.0125)+1.1053130626678467
3,iterativefit,central,2,0.0,0.8,40.0,60.0,0.0175,0.0225,-227852.28894637033*(x-0.0175)*(x-0.0175)*(x-0.0175)+1870.4426186078927*(x-0.0175)*(x-0.0175)+6.836323592289721*(x-0.0175)+1.1306620836257935
3,iterativefit,central,2,0.0,0.8,40.0,60.0,0.0225,0.0275,167436.77483908265*(x-0.0225)*(x-0.0225)*(x-0.0225)-1112.3874091867735*(x-0.0225)*(x-0.0225)+8.451828107390881*(x-0.0225)+1.183123230934143
3,iterativefit,central,2,0.0,0.8,40.0,60.0,0.0275,0.0325,-329464.66571324226*(x-0.0275)*(x-0.0275)*(x-0.0275)+2949.6427635320797*(x-0.0275)*(x-0.0275)+9.885712128454347*(x-0.0275)+1.2185022830963135
3,iterativefit,central,2,0.0,0.8,40.0,60.0,0.0325,0.0375,-475162.0870086413*(x-0.0325)*(x-0.0325)*(x-0.0325)+2096.486669036617*(x-0.0325)*(x-0.0325)+14.672289835281969*(x-0.0325)+1.300488829612732
3,iterativefit,central,2,0.0,0.8,40.0,60.0,0.0375,0.0424999999999999,1223308.5632324286*(x-0.037500000000000006)*(x-0.037500000000000006)*(x-0.037500000000000006)-9174.814224243199*(x-0.037500000000000006)*(x-0.037500000000000006)+0.0*(x-0.037500000000000006)+1.366867184638977
3,iterativefit,central,2,0.0,0.8,40.0,60.0,0.0424999999999999,0.0475,-3984634.399414052*(x-0.042499999999999996)*(x-0.042499999999999996)*(x-0.042499999999999996)+29884.757995605414*(x-0.042499999999999996)*(x-0.042499999999999996)+0.0*(x-0.042499999999999996)+1.2904103994369507
3,iterativefit,central,2,0.0,0.8,40.0,60.0,0.0475,0.0525,2196542.739868158*(x-0.0475)*(x-0.0475)*(x-0.0475)-16474.0705490112*(x-0.0475)*(x-0.0475)+0.0*(x-0.0475)+1.5394500494003296
3,iterativefit,central,2,0.0,0.8,40.0,60.0,0.0525,0.0574999999999999,-4689170.837402371*(x-0.052500000000000005)*(x-0.052500000000000005)*(x-0.052500000000000005)+35168.78128051772*(x-0.052500000000000005)*(x-0.052500000000000005)+0.0*(x-0.052500000000000005)+1.4021661281585693
3,iterativefit,central,2,0.0,0.8,40.0,60.0,0.0574999999999999,0.0625,5044282.913207995*(x-0.057499999999999996)*(x-0.057499999999999996)*(x-0.057499999999999996)-37832.12184905999*(x-0.057499999999999996)*(x-0.057499999999999996)+0.0*(x-0.057499999999999996)+1.6952393054962158
3,iterativefit,central,2,0.0,0.8,40.0,60.0,0.0625,0.0675,-339491.3350240641*(x-0.0625)*(x-0.0625)*(x-0.0625)+3661.639528819049*(x-0.0625)*(x-0.0625)+0.0*(x-0.0625)+1.3799716234207153
3,iterativefit,central,2,0.0,0.8,40.0,60.0,0.0675,0.0725,-586401.4302389072*(x-0.0675)*(x-0.0675)*(x-0.0675)+3282.5562106532425*(x-0.0675)*(x-0.0675)+11.15454516138567*(x-0.0675)+1.4290761947631836
3,iterativefit,central,2,0.0,0.8,40.0,60.0,0.0725,0.0775,4556894.30236819*(x-0.07250000000000001)*(x-0.07250000000000001)*(x-0.07250000000000001)-34176.70726776136*(x-0.07250000000000001)*(x-0.07250000000000001)+0.0*(x-0.07250000000000001)+1.4936126470565796
3,iterativefit,central,2,0.0,0.8,40.0,60.0,0.0775,0.0825,-4588851.253749029*(x-0.0775)*(x-0.0775)*(x-0.0775)+36727.98772931643*(x-0.0775)*(x-0.0775)+0.0*(x-0.0775)+1.2088067531585693
3,iterativefit,central,2,0.0,0.8,40.0,60.0,0.0825,0.09,-56163.34657364864*(x-0.0825)*(x-0.0825)*(x-0.0825)-909.2312351789117*(x-0.0825)*(x-0.0825)+23.116033261986853*(x-0.0825)+1.5534000396728516
3,iterativefit,central,2,0.0,0.8,40.0,60.0,0.09,0.105,128385.19061053207*(x-0.09)*(x-0.09)*(x-0.09)-2888.666788736974*(x-0.09)*(x-0.09)+0.0*(x-0.09)+1.6519321203231812
3,iterativefit,central,2,0.0,0.8,40.0,60.0,0.105,0.5625,2.4277037611308314*(x-0.10500000000000001)*(x-0.10500000000000001)*(x-0.10500000000000001)-2.220446049250313e-16*(x-0.10500000000000001)*(x-0.10500000000000001)+0.0*(x-0.10500000000000001)+1.4352821111679077
3,iterativefit,central,2,0.0,0.8,40.0,60.0,0.5625,1.1,1.6677532196044922
3,iterativefit,central,2,0.8,1.6,40.0,60.0,-15.0,0.0,0.9155205488204956
3,iterativefit,central,2,0.8,1.6,40.0,60.0,0.0,0.0025,0.9155205488204956
3,iterativefit,central,2,0.8,1.6,40.0,60.0,0.0025,0.0075,-103581.87429888597*(x-0.0025)*(x-0.0025)*(x-0.0025)+1644.8186274758746*(x-0.0025)*(x-0.0025)+0.9910106658935588*(x-0.0025)+0.9155205488204956
3,iterativefit,central,2,0.8,1.6,40.0,60.0,0.0075,0.0125,-731134.4788118436*(x-0.0075)*(x-0.0075)*(x-0.0075)+5300.491021535093*(x-0.0075)*(x-0.0075)+9.670556368235857*(x-0.0075)+0.9486483335494995
3,iterativefit,central,2,0.8,1.6,40.0,60.0,0.0125,0.0175,203591.16857451282*(x-0.0125)*(x-0.0125)*(x-0.0125)-1582.0513408155866*(x-0.0125)*(x-0.0125)+7.840380672698509*(x-0.0125)+1.0381215810775757
3,iterativefit,central,2,0.8,1.6,40.0,60.0,0.0175,0.0225,-772667.4909506163*(x-0.0175)*(x-0.0175)*(x-0.0175)+5066.085691366508*(x-0.0175)*(x-0.0175)+7.28920490763111*(x-0.0175)+1.0632210969924927
3,iterativefit,central,2,0.8,1.6,40.0,60.0,0.0225,0.0275,213550.56762695298*(x-0.0225)*(x-0.0225)*(x-0.0225)-1601.6292572021478*(x-0.0225)*(x-0.0225)+0.0*(x-0.0225)+1.1297358274459839
3,iterativefit,central,2,0.8,1.6,40.0,60.0,0.0275,0.0325,-848418.5116876628*(x-0.0275)*(x-0.0275)*(x-0.0275)+7327.662893826497*(x-0.0275)*(x-0.0275)+0.0*(x-0.0275)+1.1163889169692993
3,iterativefit,central,2,0.8,1.6,40.0,60.0,0.0325,0.0375,153132.1613964716*(x-0.0325)*(x-0.0325)*(x-0.0325)-1291.5774343350577*(x-0.0325)*(x-0.0325)+9.64524056169025*(x-0.0325)+1.193528175354004
3,iterativefit,central,2,0.8,1.6,40.0,60.0,0.0375,0.0424999999999999,-463996.88856137625*(x-0.037500000000000006)*(x-0.037500000000000006)*(x-0.037500000000000006)+2658.538831902809*(x-0.037500000000000006)*(x-0.037500000000000006)+8.214378323075051*(x-0.037500000000000006)+1.2286064624786377
3,iterativefit,central,2,0.8,1.6,40.0,60.0,0.0424999999999999,0.0475,593029.0222167954*(x-0.042499999999999996)*(x-0.042499999999999996)*(x-0.042499999999999996)-4447.717666625969*(x-0.042499999999999996)*(x-0.042499999999999996)+0.0*(x-0.042499999999999996)+1.2781422138214111
3,iterativefit,central,2,0.8,1.6,40.0,60.0,0.0475,0.0525,-2406455.993652337*(x-0.0475)*(x-0.0475)*(x-0.0475)+18048.419952392545*(x-0.0475)*(x-0.0475)+0.0*(x-0.0475)+1.2410778999328613
3,iterativefit,central,2,0.8,1.6,40.0,60.0,0.0525,0.0574999999999999,4862375.526391748*(x-0.052500000000000005)*(x-0.052500000000000005)*(x-0.052500000000000005)-36669.556045349855*(x-0.052500000000000005)*(x-0.052500000000000005)+0.0*(x-0.052500000000000005)+1.3914813995361328
3,iterativefit,central,2,0.8,1.6,40.0,60.0,0.0574999999999999,0.0625,1339.2257325408227*(x-0.057499999999999996)*(x-0.057499999999999996)*(x-0.057499999999999996)+191.69540441775547*(x-0.057499999999999996)*(x-0.057499999999999996)-2.017395974118118*(x-0.057499999999999996)+1.082539439201355
3,iterativefit,central,2,0.8,1.6,40.0,60.0,0.0625,0.0675,-2756952.2857665946*(x-0.0625)*(x-0.0625)*(x-0.0625)+20677.142143249475*(x-0.0625)*(x-0.0625)+0.0*(x-0.0625)+1.0774122476577759
3,iterativefit,central,2,0.8,1.6,40.0,60.0,0.0675,0.0725,892305.91148899*(x-0.0675)*(x-0.0675)*(x-0.0675)-8103.3542797349855*(x-0.0675)*(x-0.0675)+0.0*(x-0.0675)+1.2497217655181885
3,iterativefit,central,2,0.8,1.6,40.0,60.0,0.0725,0.0775,357023.7764792303*(x-0.07250000000000001)*(x-0.07250000000000001)*(x-0.07250000000000001)-1266.618380026663*(x-0.07250000000000001)*(x-0.07250000000000001)-14.110599435675567*(x-0.07250000000000001)+1.1586761474609375
3,iterativefit,central,2,0.8,1.6,40.0,60.0,0.0775,0.0849999999999999,-419972.5750202935*(x-0.0775)*(x-0.0775)*(x-0.0775)+5452.5977760582355*(x-0.0775)*(x-0.0775)+0.0*(x-0.0775)+1.1010856628417969
3,iterativefit,central,2,0.8,1.6,40.0,60.0,0.0849999999999999,0.1,-3964.0138140014783*(x-0.08499999999999999)*(x-0.08499999999999999)*(x-0.08499999999999999)-169.79841005057983*(x-0.08499999999999999)*(x-0.08499999999999999)+10.918594606199067*(x-0.08499999999999999)+1.2306183576583862
3,iterativefit,central,2,0.8,1.6,40.0,60.0,0.1,0.135,301.9136030817691*(x-0.1)*(x-0.1)*(x-0.1)-49.334786231649815*(x-0.1)*(x-0.1)+3.148932980230665*(x-0.1)+1.3428140878677368
3,iterativefit,central,2,0.8,1.6,40.0,60.0,0.135,0.585,-0.019287850383819676*(x-0.135)*(x-0.135)*(x-0.135)-0.8814589624805657*(x-0.135)*(x-0.135)+0.8050304353406794*(x-0.135)+1.40553617477417
3,iterativefit,central,2,0.8,1.6,40.0,60.0,0.585,1.1,1.5875468254089355
3,iterativefit,central,2,1.6,2.5,40.0,60.0,-15.0,0.0,0.947679877281189
3,iterativefit,central,2,1.6,2.5,40.0,60.0,0.0,0.0025,0.947679877281189
3,iterativefit,central,2,1.6,2.5,40.0,60.0,0.0025,0.0075,-132174.25346374515*(x-0.0025)*(x-0.0025)*(x-0.0025)-66.33520126342796*(x-0.0025)*(x-0.0025)+10.576421022415163*(x-0.0025)+0.947679877281189
3,iterativefit,central,2,1.6,2.5,40.0,60.0,0.0075,0.0125,26534.080505371076*(x-0.0075)*(x-0.0075)*(x-0.0075)-199.00560379028312*(x-0.0075)*(x-0.0075)+0.0*(x-0.0075)+0.9823818206787109
3,iterativefit,central,2,1.6,2.5,40.0,60.0,0.0125,0.0175,-517137.8429738336*(x-0.0125)*(x-0.0125)*(x-0.0125)+5144.161371393826*(x-0.0125)*(x-0.0125)+0.0*(x-0.0125)+0.9807234406471252
3,iterativefit,central,2,1.6,2.5,40.0,60.0,0.0175,0.0225,-495593.3864919015*(x-0.0175)*(x-0.0175)*(x-0.0175)+2451.3228495991852*(x-0.0175)*(x-0.0175)+12.656275490900732*(x-0.0175)+1.0446852445602417
3,iterativefit,central,2,1.6,2.5,40.0,60.0,0.0225,0.0275,893432.6171874994*(x-0.0225)*(x-0.0225)*(x-0.0225)-6700.744628906247*(x-0.0225)*(x-0.0225)+0.0*(x-0.0225)+1.1073005199432373
3,iterativefit,central,2,1.6,2.5,40.0,60.0,0.0275,0.0325,-349974.6800042665*(x-0.0275)*(x-0.0275)*(x-0.0275)+3276.4246466643986*(x-0.0275)*(x-0.0275)+0.0*(x-0.0275)+1.0514609813690186
3,iterativefit,central,2,1.6,2.5,40.0,60.0,0.0325,0.0375,87651.96578068184*(x-0.0325)*(x-0.0325)*(x-0.0325)-604.5803909792445*(x-0.0325)*(x-0.0325)+6.516145466323994*(x-0.0325)+1.0896247625350952
3,iterativefit,central,2,1.6,2.5,40.0,60.0,0.0375,0.0424999999999999,-458941.6525548986*(x-0.037500000000000006)*(x-0.037500000000000006)*(x-0.037500000000000006)+2737.6384951534624*(x-0.037500000000000006)*(x-0.037500000000000006)+7.044238990082692*(x-0.037500000000000006)+1.1180474758148193
3,iterativefit,central,2,1.6,2.5,40.0,60.0,0.0424999999999999,0.0475,245734.9588043091*(x-0.042499999999999996)*(x-0.042499999999999996)*(x-0.042499999999999996)-3270.6059463652928*(x-0.042499999999999996)*(x-0.042499999999999996)+0.0*(x-0.042499999999999996)+1.164341926574707
3,iterativefit,central,2,1.6,2.5,40.0,60.0,0.0475,0.0525,1326973.7054473727*(x-0.0475)*(x-0.0475)*(x-0.0475)-8524.70903552233*(x-0.0475)*(x-0.0475)-14.275937553329744*(x-0.0475)+1.1132936477661133
3,iterativefit,central,2,1.6,2.5,40.0,60.0,0.0525,0.0574999999999999,-3056818.962097185*(x-0.052500000000000005)*(x-0.052500000000000005)*(x-0.052500000000000005)+22926.142215728843*(x-0.052500000000000005)*(x-0.052500000000000005)+0.0*(x-0.052500000000000005)+0.9946679472923279
3,iterativefit,central,2,1.6,2.5,40.0,60.0,0.0574999999999999,0.0625,1848068.095228114*(x-0.057499999999999996)*(x-0.057499999999999996)*(x-0.057499999999999996)-14216.770415410589*(x-0.057499999999999996)*(x-0.057499999999999996)+0.0*(x-0.057499999999999996)+1.1857191324234009
3,iterativefit,central,2,1.6,2.5,40.0,60.0,0.0625,0.07,-49330.419249291794*(x-0.0625)*(x-0.0625)*(x-0.0625)+604.9915201121134*(x-0.0625)*(x-0.0625)-3.5625970119972217*(x-0.0625)+1.0613083839416504
3,iterativefit,central,2,1.6,2.5,40.0,60.0,0.07,0.0824999999999999,89326.17515537086*(x-0.07)*(x-0.07)*(x-0.07)-1562.3764858178606*(x-0.07)*(x-0.07)-2.812232458633517*(x-0.07)+1.0478084087371826
3,iterativefit,central,2,1.6,2.5,40.0,60.0,0.0824999999999999,0.1025,-19625.446363963794*(x-0.08249999999999999)*(x-0.08249999999999999)*(x-0.08249999999999999)+670.8325180347383*(x-0.08249999999999999)*(x-0.08249999999999999)+0.0*(x-0.08249999999999999)+0.9429993629455566
3,iterativefit,central,2,1.6,2.5,40.0,60.0,0.1025,0.14,-168.02028895765864*(x-0.10250000000000001)*(x-0.10250000000000001)*(x-0.10250000000000001)-22.992011619534523*(x-0.10250000000000001)*(x-0.10250000000000001)+3.282765084632963*(x-0.10250000000000001)+1.0543287992477417
3,iterativefit,central,2,1.6,2.5,40.0,60.0,0.14,0.19,320.8198811777756*(x-0.14)*(x-0.14)*(x-0.14)-22.870834172156677*(x-0.14)*(x-0.14)+0.8495286191277507*(x-0.14)+1.1362395286560059
3,iterativefit,central,2,1.6,2.5,40.0,60.0,0.19,0.24,-7903.928852850283*(x-0.19)*(x-0.19)*(x-0.19)+583.1087208563171*(x-0.19)*(x-0.19)+0.9685943107453989*(x-0.19)+1.1616413593292236
3,iterativefit,central,2,1.6,2.5,40.0,60.0,0.24,0.6375,-3.497221728460003*(x-0.24)*(x-0.24)*(x-0.24)-2.220446049250313e-16*(x-0.24)*(x-0.24)+0.0*(x-0.24)+1.679851770401001
3,iterativefit,central,2,1.6,2.5,40.0,60.0,0.6375,1.1,1.4602000713348389
3,iterativefit,central,2,0.0,0.8,60.0,100.0,-15.0,0.0,0.8422756791114807
3,iterativefit,central,2,0.0,0.8,60.0,100.0,0.0,0.0025,0.8422756791114807
3,iterativefit,central,2,0.0,0.8,60.0,100.0,0.0025,0.0075,-4238.291921658119*(x-0.0025)*(x-0.0025)*(x-0.0025)+374.6863421919074*(x-0.0025)*(x-0.0025)+25.948303937911998*(x-0.0025)+0.8422756791114807
3,iterativefit,central,2,0.0,0.8,60.0,100.0,0.0075,0.0125,-348978.91926581383*(x-0.0075)*(x-0.0075)*(x-0.0075)+2119.580938520978*(x-0.0075)*(x-0.0075)+29.37729546570671*(x-0.0075)+0.9808545708656311
3,iterativefit,central,2,0.0,0.8,60.0,100.0,0.0125,0.0175,119359.1760844492*(x-0.0125)*(x-0.0125)*(x-0.0125)-1474.252554721363*(x-0.0125)*(x-0.0125)+24.399685905980444*(x-0.0125)+1.1371082067489624
3,iterativefit,central,2,0.0,0.8,60.0,100.0,0.0175,0.0225,-646812.2811508637*(x-0.0175)*(x-0.0175)*(x-0.0175)+2990.182252121424*(x-0.0175)*(x-0.0175)+18.609098565100506*(x-0.0175)+1.2371702194213867
3,iterativefit,central,2,0.0,0.8,60.0,100.0,0.0225,0.0275,1194229.1259765618*(x-0.0225)*(x-0.0225)*(x-0.0225)-8956.718444824215*(x-0.0225)*(x-0.0225)+0.0*(x-0.0225)+1.324118733406067
3,iterativefit,central,2,0.0,0.8,60.0,100.0,0.0275,0.0325,-2832.240434304721*(x-0.0275)*(x-0.0275)*(x-0.0275)+134.3575446397853*(x-0.0275)*(x-0.0275)+0.0*(x-0.0275)+1.2494794130325317
3,iterativefit,central,2,0.0,0.8,60.0,100.0,0.0325,0.0375,-174656.9866603053*(x-0.0325)*(x-0.0325)*(x-0.0325)+2567.243308019434*(x-0.0325)*(x-0.0325)+1.131157413824999*(x-0.0325)+1.2524843215942383
3,iterativefit,central,2,0.0,0.8,60.0,100.0,0.0375,0.0424999999999999,-1366479.21094769*(x-0.037500000000000006)*(x-0.037500000000000006)*(x-0.037500000000000006)+8878.16243265801*(x-0.037500000000000006)*(x-0.037500000000000006)+13.704316494496444*(x-0.037500000000000006)+1.300489068031311
3,iterativefit,central,2,0.0,0.8,60.0,100.0,0.0424999999999999,0.0475,2739812.8509521415*(x-0.042499999999999996)*(x-0.042499999999999996)*(x-0.042499999999999996)-20548.596382141077*(x-0.042499999999999996)*(x-0.042499999999999996)+0.0*(x-0.042499999999999996)+1.4201548099517822
3,iterativefit,central,2,0.0,0.8,60.0,100.0,0.0475,0.0525,-3694055.557250967*(x-0.0475)*(x-0.0475)*(x-0.0475)+27705.416679382273*(x-0.0475)*(x-0.0475)+0.0*(x-0.0475)+1.248916506767273
3,iterativefit,central,2,0.0,0.8,60.0,100.0,0.0525,0.0574999999999999,4515695.571899439*(x-0.052500000000000005)*(x-0.052500000000000005)*(x-0.052500000000000005)-33867.71678924573*(x-0.052500000000000005)*(x-0.052500000000000005)+0.0*(x-0.052500000000000005)+1.479794979095459
3,iterativefit,central,2,0.0,0.8,60.0,100.0,0.0574999999999999,0.0625,-420420.7025097625*(x-0.057499999999999996)*(x-0.057499999999999996)*(x-0.057499999999999996)+5828.523915075662*(x-0.057499999999999996)*(x-0.057499999999999996)+0.0*(x-0.057499999999999996)+1.1975640058517456
3,iterativefit,central,2,0.0,0.8,60.0,100.0,0.0625,0.0675,-2723975.2374218656*(x-0.0625)*(x-0.0625)*(x-0.0625)+17754.445634411568*(x-0.0625)*(x-0.0625)+26.75368646252444*(x-0.0625)+1.290724515914917
3,iterativefit,central,2,0.0,0.8,60.0,100.0,0.0675,0.0725,2526336.6699218685*(x-0.0675)*(x-0.0675)*(x-0.0675)-18947.52502441403*(x-0.0675)*(x-0.0675)+0.0*(x-0.0675)+1.5278571844100952
3,iterativefit,central,2,0.0,0.8,60.0,100.0,0.0725,0.0775,-305757.3695688265*(x-0.07250000000000001)*(x-0.07250000000000001)*(x-0.07250000000000001)+3947.352597966209*(x-0.07250000000000001)*(x-0.07250000000000001)+0.0*(x-0.07250000000000001)+1.369961142539978
3,iterativefit,central,2,0.0,0.8,60.0,100.0,0.0775,0.0825,-1431873.1685190145*(x-0.0775)*(x-0.0775)*(x-0.0775)+9084.876437692608*(x-0.0775)*(x-0.0775)+16.541723262000115*(x-0.0775)+1.4304252862930298
3,iterativefit,central,2,0.0,0.8,60.0,100.0,0.0825,0.09,850826.6872829885*(x-0.0825)*(x-0.0825)*(x-0.0825)-9571.800231933612*(x-0.0825)*(x-0.0825)+0.0*(x-0.0825)+1.5612716674804688
3,iterativefit,central,2,0.0,0.8,60.0,100.0,0.09,0.1,-328538.62508205563*(x-0.09)*(x-0.09)*(x-0.09)+4966.98348363916*(x-0.09)*(x-0.09)+0.0*(x-0.09)+1.3818004131317139
3,iterativefit,central,2,0.0,0.8,60.0,100.0,0.1,0.5575,1.1064537243998773*(x-0.1)*(x-0.1)*(x-0.1)-1.6096668718299847*(x-0.1)*(x-0.1)+0.7780821481664205*(x-0.1)+1.5499601364135742
3,iterativefit,central,2,0.0,0.8,60.0,100.0,0.5575,1.1,1.6749707460403442
3,iterativefit,central,2,0.8,1.6,60.0,100.0,-15.0,0.0,0.8830861449241638
3,iterativefit,central,2,0.8,1.6,60.0,100.0,0.0,0.0025,0.8830861449241638
3,iterativefit,central,2,0.8,1.6,60.0,100.0,0.0025,0.0075,-84007.58928493704*(x-0.0025)*(x-0.0025)*(x-0.0025)-770.5874827287575*(x-0.0025)*(x-0.0025)+28.780788183212284*(x-0.0025)+0.8830861449241638
3,iterativefit,central,2,0.8,1.6,60.0,100.0,0.0075,0.0125,176703.63262240138*(x-0.0075)*(x-0.0075)*(x-0.0075)-1654.1056458407652*(x-0.0075)*(x-0.0075)+14.774344159554435*(x-0.0075)+0.9972244501113892
3,iterativefit,central,2,0.8,1.6,60.0,100.0,0.0125,0.0175,-431863.7744037394*(x-0.0125)*(x-0.0125)*(x-0.0125)+2284.563583786327*(x-0.0125)*(x-0.0125)+11.486060147826889*(x-0.0125)+1.0518314838409424
3,iterativefit,central,2,0.8,1.6,60.0,100.0,0.0175,0.0225,71255.79524378068*(x-0.0175)*(x-0.0175)*(x-0.0175)-533.5466738779912*(x-0.0175)*(x-0.0175)+1.941912905409698*(x-0.0175)+1.1123929023742676
3,iterativefit,central,2,0.8,1.6,60.0,100.0,0.0225,0.0275,-407412.7213802732*(x-0.0225)*(x-0.0225)*(x-0.0225)+4212.426260226316*(x-0.0225)*(x-0.0225)+1.9506308099133338*(x-0.0225)+1.1176707744598389
3,iterativefit,central,2,0.8,1.6,60.0,100.0,0.0275,0.0325,-602381.3131518064*(x-0.0275)*(x-0.0275)*(x-0.0275)+3165.965917772948*(x-0.0275)*(x-0.0275)+13.518939308656002*(x-0.0275)+1.1818079948425293
3,iterativefit,central,2,0.8,1.6,60.0,100.0,0.0325,0.0375,1099441.5283203095*(x-0.0325)*(x-0.0325)*(x-0.0325)-8245.81146240233*(x-0.0325)*(x-0.0325)+0.0*(x-0.0325)+1.2532541751861572
3,iterativefit,central,2,0.8,1.6,60.0,100.0,0.0375,0.0424999999999999,-1263418.1976318432*(x-0.037500000000000006)*(x-0.037500000000000006)*(x-0.037500000000000006)+9475.636482238806*(x-0.037500000000000006)*(x-0.037500000000000006)+0.0*(x-0.037500000000000006)+1.1845390796661377
3,iterativefit,central,2,0.8,1.6,60.0,100.0,0.0424999999999999,0.0475,1330265.0451660121*(x-0.042499999999999996)*(x-0.042499999999999996)*(x-0.042499999999999996)-9976.987838745099*(x-0.042499999999999996)*(x-0.042499999999999996)+0.0*(x-0.042499999999999996)+1.2635027170181274
3,iterativefit,central,2,0.8,1.6,60.0,100.0,0.0475,0.0525,-1275740.838609942*(x-0.0475)*(x-0.0475)*(x-0.0475)+11041.895034724512*(x-0.0475)*(x-0.0475)+0.0*(x-0.0475)+1.1803611516952515
3,iterativefit,central,2,0.8,1.6,60.0,100.0,0.0525,0.0574999999999999,-272431.5887320189*(x-0.052500000000000005)*(x-0.052500000000000005)*(x-0.052500000000000005)+569.3981703401953*(x-0.052500000000000005)*(x-0.052500000000000005)+14.738387451499397*(x-0.052500000000000005)+1.2969409227371216
3,iterativefit,central,2,0.8,1.6,60.0,100.0,0.0574999999999999,0.0625,95717.82785144134*(x-0.057499999999999996)*(x-0.057499999999999996)*(x-0.057499999999999996)-2499.062619481813*(x-0.057499999999999996)*(x-0.057499999999999996)+0.0*(x-0.057499999999999996)+1.350813865661621
3,iterativefit,central,2,0.8,1.6,60.0,100.0,0.0625,0.0675,5303251.664216174*(x-0.0625)*(x-0.0625)*(x-0.0625)-37993.20857102533*(x-0.0625)*(x-0.0625)-17.811789105960038*(x-0.0625)+1.3003020286560059
3,iterativefit,central,2,0.8,1.6,60.0,100.0,0.0675,0.0725,-735656.0934786712*(x-0.0675)*(x-0.0675)*(x-0.0675)+8808.106536271524*(x-0.0675)*(x-0.0675)+0.0*(x-0.0675)+0.924319326877594
3,iterativefit,central,2,0.8,1.6,60.0,100.0,0.0725,0.08,-1144217.4518198804*(x-0.07250000000000001)*(x-0.07250000000000001)*(x-0.07250000000000001)+10678.655776185982*(x-0.07250000000000001)*(x-0.07250000000000001)+32.90685835181488*(x-0.07250000000000001)+1.0525649785995483
3,iterativefit,central,2,0.8,1.6,60.0,100.0,0.08,0.09,984688.1628036513*(x-0.08)*(x-0.08)*(x-0.08)-14770.322442054763*(x-0.08)*(x-0.08)+0.0*(x-0.08)+1.4173240661621094
3,iterativefit,central,2,0.8,1.6,60.0,100.0,0.09,0.1025,-355731.2381481835*(x-0.09)*(x-0.09)*(x-0.09)+6849.440846114989*(x-0.09)*(x-0.09)+0.0*(x-0.09)+0.9249799847602844
3,iterativefit,central,2,0.8,1.6,60.0,100.0,0.1025,0.1275,220.11404693823246*(x-0.10250000000000001)*(x-0.10250000000000001)*(x-0.10250000000000001)-97.99434217845463*(x-0.10250000000000001)*(x-0.10250000000000001)+4.487003270913545*(x-0.10250000000000001)+1.3004175424575806
3,iterativefit,central,2,0.8,1.6,60.0,100.0,0.1275,0.5775,-1.2620813398531272*(x-0.1275)*(x-0.1275)*(x-0.1275)+0.0*(x-0.1275)*(x-0.1275)+0.0*(x-0.1275)+1.354785442352295
3,iterativefit,central,2,0.8,1.6,60.0,100.0,0.5775,1.1,1.2397782802581787
3,iterativefit,central,2,1.6,2.5,60.0,100.0,-15.0,0.0,0.9667677283287048
3,iterativefit,central,2,1.6,2.5,60.0,100.0,0.0,0.0025,0.9667677283287048
3,iterativefit,central,2,1.6,2.5,60.0,100.0,0.0025,0.0075,-45488.284346271415*(x-0.0025)*(x-0.0025)*(x-0.0025)+872.4554693540372*(x-0.0025)*(x-0.0025)+2.6960194110870397*(x-0.0025)+0.9667677283287048
3,iterativefit,central,2,1.6,2.5,60.0,100.0,0.0075,0.0125,-479166.1659343833*(x-0.0075)*(x-0.0075)*(x-0.0075)+3268.2862990259546*(x-0.0075)*(x-0.0075)+8.008952778657056*(x-0.0075)+0.996373176574707
3,iterativefit,central,2,1.6,2.5,60.0,100.0,0.0125,0.0175,-45234.65000547047*(x-0.0125)*(x-0.0125)*(x-0.0125)-136.17545734275598*(x-0.0125)*(x-0.0125)+4.754353323837846*(x-0.0125)+1.0582293272018433
3,iterativefit,central,2,1.6,2.5,60.0,100.0,0.0175,0.0225,855844.4976806653*(x-0.0175)*(x-0.0175)*(x-0.0175)-6418.833732604988*(x-0.0175)*(x-0.0175)+0.0*(x-0.0175)+1.0729423761367798
3,iterativefit,central,2,1.6,2.5,60.0,100.0,0.0225,0.0275,-1549402.2369384756*(x-0.0225)*(x-0.0225)*(x-0.0225)+11620.51677703857*(x-0.0225)*(x-0.0225)+0.0*(x-0.0225)+1.0194520950317383
3,iterativefit,central,2,1.6,2.5,60.0,100.0,0.0275,0.0325,984683.990478515*(x-0.0275)*(x-0.0275)*(x-0.0275)-7385.1299285888645*(x-0.0275)*(x-0.0275)+0.0*(x-0.0275)+1.116289734840393
3,iterativefit,central,2,1.6,2.5,60.0,100.0,0.0325,0.0375,-3078277.5878906166*(x-0.0325)*(x-0.0325)*(x-0.0325)+23087.081909179647*(x-0.0325)*(x-0.0325)+0.0*(x-0.0325)+1.0547469854354858
3,iterativefit,central,2,1.6,2.5,60.0,100.0,0.0375,0.0424999999999999,3266100.173694776*(x-0.037500000000000006)*(x-0.037500000000000006)*(x-0.037500000000000006)-26332.6204096421*(x-0.037500000000000006)*(x-0.037500000000000006)+0.0*(x-0.037500000000000006)+1.24713933467865
3,iterativefit,central,2,1.6,2.5,60.0,100.0,0.0424999999999999,0.0475,165290.12273039937*(x-0.042499999999999996)*(x-0.042499999999999996)*(x-0.042499999999999996)+597.1931864533249*(x-0.042499999999999996)*(x-0.042499999999999996)-18.36869106931323*(x-0.042499999999999996)+0.9970863461494446
3,iterativefit,central,2,1.6,2.5,60.0,100.0,0.0475,0.0525,-865805.3355809448*(x-0.0475)*(x-0.0475)*(x-0.0475)+8752.041795549983*(x-0.0475)*(x-0.0475)+0.0*(x-0.0475)+0.9408339858055115
3,iterativefit,central,2,1.6,2.5,60.0,100.0,0.0525,0.0574999999999999,-942628.5701390606*(x-0.052500000000000005)*(x-0.052500000000000005)*(x-0.052500000000000005)+4811.212497350044*(x-0.052500000000000005)*(x-0.052500000000000005)+22.585017786928933*(x-0.052500000000000005)+1.051409363746643
3,iterativefit,central,2,1.6,2.5,60.0,100.0,0.0574999999999999,0.0625,8224.434562166005*(x-0.057499999999999996)*(x-0.057499999999999996)*(x-0.057499999999999996)-232.352946736611*(x-0.057499999999999996)*(x-0.057499999999999996)+0.0*(x-0.057499999999999996)+1.1667861938476562
3,iterativefit,central,2,1.6,2.5,60.0,100.0,0.0625,0.07,494133.74987013993*(x-0.0625)*(x-0.0625)*(x-0.0625)-5689.857453968512*(x-0.0625)*(x-0.0625)-1.7066968752036602*(x-0.0625)+1.1620054244995117
3,iterativefit,central,2,1.6,2.5,60.0,100.0,0.07,0.0849999999999999,219.46887667978467*(x-0.07)*(x-0.07)*(x-0.07)+117.37823007954375*(x-0.07)*(x-0.07)-3.669488394145164*(x-0.07)+1.0376133918762207
3,iterativefit,central,2,1.6,2.5,60.0,100.0,0.0849999999999999,0.11,-13376.251220703112*(x-0.08499999999999999)*(x-0.08499999999999999)*(x-0.08499999999999999)+501.60942077636685*(x-0.08499999999999999)*(x-0.08499999999999999)+0.0*(x-0.08499999999999999)+1.0097218751907349
3,iterativefit,central,2,1.6,2.5,60.0,100.0,0.11,0.15,1485.9661459922797*(x-0.11)*(x-0.11)*(x-0.11)-89.15796875953677*(x-0.11)*(x-0.11)+0.0*(x-0.11)+1.114223837852478
3,iterativefit,central,2,1.6,2.5,60.0,100.0,0.15,0.2,-1574.8043060302718*(x-0.15)*(x-0.15)*(x-0.15)+118.11032295227042*(x-0.15)*(x-0.15)+0.0*(x-0.15)+1.066672921180725
3,iterativefit,central,2,1.6,2.5,60.0,100.0,0.2,0.255,3144.9413227909595*(x-0.2)*(x-0.2)*(x-0.2)-259.4576591302541*(x-0.2)*(x-0.2)+0.0*(x-0.2)+1.1650981903076172
3,iterativefit,central,2,1.6,2.5,60.0,100.0,0.255,0.6475,9.604318895225873*(x-0.255)*(x-0.255)*(x-0.255)+1.3322676295501878e-15*(x-0.255)*(x-0.255)+0.0*(x-0.255)+0.9034783840179443
3,iterativefit,central,2,1.6,2.5,60.0,100.0,0.6475,1.1,1.484223484992981
3,iterativefit,central,2,0.0,0.8,100.0,10000.0,-15.0,0.0,0.8268416523933411
3,iterativefit,central,2,0.0,0.8,100.0,10000.0,0.0,0.0025,0.8268416523933411
3,iterativefit,central,2,0.0,0.8,100.0,10000.0,0.0025,0.0075,-53909.217053002314*(x-0.0025)*(x-0.0025)*(x-0.0025)-966.1619130107456*(x-0.0025)*(x-0.0025)+40.68199992179871*(x-0.0025)+0.8268416523933411
3,iterativefit,central,2,0.0,0.8,100.0,10000.0,0.0075,0.0125,336442.3180053952*(x-0.0075)*(x-0.0075)*(x-0.0075)-2648.373503037723*(x-0.0075)*(x-0.0075)+26.977189512716084*(x-0.0075)+0.9993589520454407
3,iterativefit,central,2,0.0,0.8,100.0,10000.0,0.0125,0.0175,-1425950.0491853761*(x-0.0125)*(x-0.0125)*(x-0.0125)+8121.962535615973*(x-0.0125)*(x-0.0125)+25.7266283327435*(x-0.0125)+1.1100908517837524
3,iterativefit,central,2,0.0,0.8,100.0,10000.0,0.0175,0.0225,1612146.377563479*(x-0.0175)*(x-0.0175)*(x-0.0175)-12091.097831726087*(x-0.0175)*(x-0.0175)+0.0*(x-0.0175)+1.2635293006896973
3,iterativefit,central,2,0.0,0.8,100.0,10000.0,0.0225,0.0275,-521370.4797960034*(x-0.0225)*(x-0.0225)*(x-0.0225)+5560.96349822318*(x-0.0225)*(x-0.0225)+0.0*(x-0.0225)+1.16277015209198
3,iterativefit,central,2,0.0,0.8,100.0,10000.0,0.0275,0.0325,-836184.0936876048*(x-0.0275)*(x-0.0275)*(x-0.0275)+4620.695802903883*(x-0.0275)*(x-0.0275)+16.506848997531545*(x-0.0275)+1.236622929573059
3,iterativefit,central,2,0.0,0.8,100.0,10000.0,0.0325,0.0375,910207.0500256699*(x-0.0325)*(x-0.0325)*(x-0.0325)-7648.087824286063*(x-0.0325)*(x-0.0325)+0.0*(x-0.0325)+1.3301515579223633
3,iterativefit,central,2,0.0,0.8,100.0,10000.0,0.0375,0.0424999999999999,118640.20127079118*(x-0.037500000000000006)*(x-0.037500000000000006)*(x-0.037500000000000006)-68.26656043739752*(x-0.037500000000000006)*(x-0.037500000000000006)-8.215349490935331*(x-0.037500000000000006)+1.2527252435684204
3,iterativefit,central,2,0.0,0.8,100.0,10000.0,0.0424999999999999,0.0475,-60555.17176788133*(x-0.042499999999999996)*(x-0.042499999999999996)*(x-0.042499999999999996)+1834.7582807144042*(x-0.042499999999999996)*(x-0.042499999999999996)+0.0*(x-0.042499999999999996)+1.2247718572616577
3,iterativefit,central,2,0.0,0.8,100.0,10000.0,0.0475,0.0525,-5036177.3488918925*(x-0.0475)*(x-0.0475)*(x-0.0475)+36390.73562423393*(x-0.0475)*(x-0.0475)+13.80594492455295*(x-0.0475)+1.2630714178085327
3,iterativefit,central,2,0.0,0.8,100.0,10000.0,0.0525,0.0574999999999999,1724349.3810974061*(x-0.052500000000000005)*(x-0.052500000000000005)*(x-0.052500000000000005)-19441.11049954223*(x-0.052500000000000005)*(x-0.052500000000000005)+0.0*(x-0.052500000000000005)+1.6123473644256592
3,iterativefit,central,2,0.0,0.8,100.0,10000.0,0.0574999999999999,0.0625,3930567.146905484*(x-0.057499999999999996)*(x-0.057499999999999996)*(x-0.057499999999999996)-22970.763460479466*(x-0.057499999999999996)*(x-0.057499999999999996)-65.08490141311697*(x-0.057499999999999996)+1.3418632745742798
3,iterativefit,central,2,0.0,0.8,100.0,10000.0,0.0625,0.0675,-9293051.719665503*(x-0.0625)*(x-0.0625)*(x-0.0625)+69697.88789749134*(x-0.0625)*(x-0.0625)+0.0*(x-0.0625)+0.9334905743598938
3,iterativefit,central,2,0.0,0.8,100.0,10000.0,0.0675,0.0725,1974285.1257324165*(x-0.0675)*(x-0.0675)*(x-0.0675)-14807.138442993137*(x-0.0675)*(x-0.0675)+0.0*(x-0.0675)+1.5143063068389893
3,iterativefit,central,2,0.0,0.8,100.0,10000.0,0.0725,0.0775,-5678932.189941438*(x-0.07250000000000001)*(x-0.07250000000000001)*(x-0.07250000000000001)+42591.99142456071*(x-0.07250000000000001)*(x-0.07250000000000001)+0.0*(x-0.07250000000000001)+1.390913486480713
3,iterativefit,central,2,0.0,0.8,100.0,10000.0,0.0775,0.0849999999999999,18.31561988890331*(x-0.0775)*(x-0.0775)*(x-0.0775)-23.7800130910071*(x-0.0775)*(x-0.0775)+0.0*(x-0.0775)+1.7458467483520508
3,iterativefit,central,2,0.0,0.8,100.0,10000.0,0.0849999999999999,0.0925,2157650.0837405426*(x-0.08499999999999999)*(x-0.08499999999999999)*(x-0.08499999999999999)-24249.989479713873*(x-0.08499999999999999)*(x-0.08499999999999999)-0.3536094355088537*(x-0.08499999999999999)+1.7445168495178223
3,iterativefit,central,2,0.0,0.8,100.0,10000.0,0.0925,0.105,-336512.44048984966*(x-0.0925)*(x-0.0925)*(x-0.0925)+6334.866962421949*(x-0.0925)*(x-0.0925)+0.0*(x-0.0925)+1.288061499595642
3,iterativefit,central,2,0.0,0.8,100.0,10000.0,0.105,0.5625,0.9194119076980444*(x-0.10500000000000001)*(x-0.10500000000000001)*(x-0.10500000000000001)-1.3210749254081111*(x-0.10500000000000001)*(x-0.10500000000000001)+0.6314675809315502*(x-0.10500000000000001)+1.620633602142334
3,iterativefit,central,2,0.0,0.8,100.0,10000.0,0.5625,1.1,1.7210614681243896
3,iterativefit,central,2,0.8,1.6,100.0,10000.0,-15.0,0.0,0.896736741065979
3,iterativefit,central,2,0.8,1.6,100.0,10000.0,0.0,0.0025,0.896736741065979
3,iterativefit,central,2,0.8,1.6,100.0,10000.0,0.0025,0.0075,-53133.75830463942*(x-0.0025)*(x-0.0025)*(x-0.0025)-517.970162639401*(x-0.0025)*(x-0.0025)+19.393825531005863*(x-0.0025)+0.896736741065979
3,iterativefit,central,2,0.8,1.6,100.0,10000.0,0.0075,0.0125,206045.20570419802*(x-0.0075)*(x-0.0075)*(x-0.0075)-1548.1961911603912*(x-0.0075)*(x-0.0075)+10.229092031763898*(x-0.0075)+0.9741148948669434
3,iterativefit,central,2,0.8,1.6,100.0,10000.0,0.0125,0.0175,-819625.0521044433*(x-0.0125)*(x-0.0125)*(x-0.0125)+5127.135835985842*(x-0.0125)*(x-0.0125)+10.20052054797484*(x-0.0125)+1.0123111009597778
3,iterativefit,central,2,0.8,1.6,100.0,10000.0,0.0175,0.0225,723909.378051759*(x-0.0175)*(x-0.0175)*(x-0.0175)-5429.32033538819*(x-0.0175)*(x-0.0175)+0.0*(x-0.0175)+1.0890389680862427
3,iterativefit,central,2,0.8,1.6,100.0,10000.0,0.0225,0.0275,-1420266.651736393*(x-0.0225)*(x-0.0225)*(x-0.0225)+10959.47038941927*(x-0.0225)*(x-0.0225)+0.0*(x-0.0225)+1.0437946319580078
3,iterativefit,central,2,0.8,1.6,100.0,10000.0,0.0275,0.0325,118233.91601764454*(x-0.0275)*(x-0.0275)*(x-0.0275)-872.0146279858423*(x-0.0275)*(x-0.0275)+3.0747050139631953*(x-0.0275)+1.1402480602264404
3,iterativefit,central,2,0.8,1.6,100.0,10000.0,0.0325,0.0375,-3493924.359003764*(x-0.0325)*(x-0.0325)*(x-0.0325)+25882.22244898544*(x-0.0325)*(x-0.0325)+3.2221024354281145*(x-0.0325)+1.148600459098816
3,iterativefit,central,2,0.8,1.6,100.0,10000.0,0.0375,0.0424999999999999,1262403.256839674*(x-0.037500000000000006)*(x-0.037500000000000006)*(x-0.037500000000000006)-10130.680834979623*(x-0.037500000000000006)*(x-0.037500000000000006)+0.0*(x-0.037500000000000006)+1.375025987625122
3,iterativefit,central,2,0.8,1.6,100.0,10000.0,0.0424999999999999,0.0475,-159451.83978914729*(x-0.042499999999999996)*(x-0.042499999999999996)*(x-0.042499999999999996)+1320.7798715345143*(x-0.042499999999999996)*(x-0.042499999999999996)-6.626564086820839*(x-0.042499999999999996)+1.2795593738555908
3,iterativefit,central,2,0.8,1.6,100.0,10000.0,0.0475,0.0525,438124.5328877865*(x-0.0475)*(x-0.0475)*(x-0.0475)-2748.1686610922275*(x-0.0475)*(x-0.0475)-5.3776533556617485*(x-0.0475)+1.259514570236206
3,iterativefit,central,2,0.8,1.6,100.0,10000.0,0.0525,0.0574999999999999,-1567054.748535165*(x-0.052500000000000005)*(x-0.052500000000000005)*(x-0.052500000000000005)+11752.910614013716*(x-0.052500000000000005)*(x-0.052500000000000005)+0.0*(x-0.052500000000000005)+1.218687653541565
3,iterativefit,central,2,0.8,1.6,100.0,10000.0,0.0574999999999999,0.0625,4178253.1738281134*(x-0.057499999999999996)*(x-0.057499999999999996)*(x-0.057499999999999996)-31336.89880371088*(x-0.057499999999999996)*(x-0.057499999999999996)+0.0*(x-0.057499999999999996)+1.3166285753250122
3,iterativefit,central,2,0.8,1.6,100.0,10000.0,0.0625,0.0675,-4526918.970539904*(x-0.0625)*(x-0.0625)*(x-0.0625)+35503.49992014337*(x-0.0625)*(x-0.0625)+0.0*(x-0.0625)+1.0554877519607544
3,iterativefit,central,2,0.8,1.6,100.0,10000.0,0.0675,0.075,-19607.792516438374*(x-0.0675)*(x-0.0675)*(x-0.0675)-813.8174282527712*(x-0.0675)*(x-0.0675)+15.51607641094056*(x-0.0675)+1.3772103786468506
3,iterativefit,central,2,0.8,1.6,100.0,10000.0,0.075,0.0849999999999999,370339.210103189*(x-0.07500000000000001)*(x-0.07500000000000001)*(x-0.07500000000000001)-5875.279260379425*(x-0.07500000000000001)*(x-0.07500000000000001)+0.0*(x-0.07500000000000001)+1.439531683921814
3,iterativefit,central,2,0.8,1.6,100.0,10000.0,0.0849999999999999,0.0975,3700.552133758628*(x-0.08499999999999999)*(x-0.08499999999999999)*(x-0.08499999999999999)+174.86540077889055*(x-0.08499999999999999)*(x-0.08499999999999999)-6.403822176632011*(x-0.08499999999999999)+1.2223429679870605
3,iterativefit,central,2,0.8,1.6,100.0,10000.0,0.0975,0.12,-31.05459990073982*(x-0.0975)*(x-0.0975)*(x-0.0975)+7.660389290214044*(x-0.0975)*(x-0.0975)-0.2975533444603833*(x-0.0975)+1.1768455505371094
3,iterativefit,central,2,0.8,1.6,100.0,10000.0,0.12,0.1675,-3535.183731630593*(x-0.12)*(x-0.12)*(x-0.12)+266.34300562754515*(x-0.12)*(x-0.12)+0.0*(x-0.12)+1.1736749410629272
3,iterativefit,central,2,0.8,1.6,100.0,10000.0,0.1675,0.605,0.7209096418639372*(x-0.1675)*(x-0.1675)*(x-0.1675)-2.0431662680643*(x-0.1675)*(x-0.1675)+1.3738106511422046*(x-0.1675)+1.3957390785217285
3,iterativefit,central,2,0.8,1.6,100.0,10000.0,0.605,1.1,1.666075587272644
3,iterativefit,central,2,1.6,2.5,100.0,10000.0,-15.0,0.0,0.9490774869918823
3,iterativefit,central,2,1.6,2.5,100.0,10000.0,0.0,0.0025,0.9490774869918823
3,iterativefit,central,2,1.6,2.5,100.0,10000.0,0.0025,0.0075,-49645.40376167415*(x-0.0025)*(x-0.0025)*(x-0.0025)+966.756243204122*(x-0.0025)*(x-0.0025)+3.214144706726078*(x-0.0025)+0.9490774869918823
3,iterativefit,central,2,1.6,2.5,100.0,10000.0,0.0075,0.0125,-353300.3150687143*(x-0.0075)*(x-0.0075)*(x-0.0075)+2733.257818547694*(x-0.0075)*(x-0.0075)+9.158301856641739*(x-0.0075)+0.9831114411354065
3,iterativefit,central,2,1.6,2.5,100.0,10000.0,0.0125,0.0175,-222040.4169833099*(x-0.0125)*(x-0.0125)*(x-0.0125)+665.9674861783149*(x-0.0125)*(x-0.0125)+9.993356411965099*(x-0.0125)+1.0530718564987183
3,iterativefit,central,2,1.6,2.5,100.0,10000.0,0.0175,0.0225,507984.6525320251*(x-0.0175)*(x-0.0175)*(x-0.0175)-4962.885451380829*(x-0.0175)*(x-0.0175)+0.0*(x-0.0175)+1.091932773590088
3,iterativefit,central,2,1.6,2.5,100.0,10000.0,0.0225,0.0275,418724.55121366447*(x-0.0225)*(x-0.0225)*(x-0.0225)-1987.4335767118416*(x-0.0225)*(x-0.0225)-11.530005573906427*(x-0.0225)+1.0313587188720703
3,iterativefit,central,2,1.6,2.5,100.0,10000.0,0.0275,0.0325,-1402471.5423583975*(x-0.0275)*(x-0.0275)*(x-0.0275)+10518.536567687985*(x-0.0275)*(x-0.0275)+0.0*(x-0.0275)+0.9763634204864502
3,iterativefit,central,2,1.6,2.5,100.0,10000.0,0.0325,0.0375,111552.01289019211*(x-0.0325)*(x-0.0325)*(x-0.0325)-1552.3422406594555*(x-0.0325)*(x-0.0325)+0.0*(x-0.0325)+1.06401789188385
3,iterativefit,central,2,1.6,2.5,100.0,10000.0,0.0375,0.0424999999999999,734695.2089961544*(x-0.037500000000000006)*(x-0.037500000000000006)*(x-0.037500000000000006)-4794.511923488132*(x-0.037500000000000006)*(x-0.037500000000000006)-7.157021439830144*(x-0.037500000000000006)+1.0391533374786377
3,iterativefit,central,2,1.6,2.5,100.0,10000.0,0.0424999999999999,0.0475,-3235043.525695792*(x-0.042499999999999996)*(x-0.042499999999999996)*(x-0.042499999999999996)+24262.826442718462*(x-0.042499999999999996)*(x-0.042499999999999996)+0.0*(x-0.042499999999999996)+0.975342333316803
3,iterativefit,central,2,1.6,2.5,100.0,10000.0,0.0475,0.0525,925863.3238851241*(x-0.0475)*(x-0.0475)*(x-0.0475)-8726.21565201839*(x-0.0475)*(x-0.0475)+0.0*(x-0.0475)+1.1775325536727905
3,iterativefit,central,2,1.6,2.5,100.0,10000.0,0.0525,0.0574999999999999,548915.9209310301*(x-0.052500000000000005)*(x-0.052500000000000005)*(x-0.052500000000000005)-2334.628684102759*(x-0.052500000000000005)*(x-0.052500000000000005)-17.822407228799555*(x-0.052500000000000005)+1.0751100778579712
3,iterativefit,central,2,1.6,2.5,100.0,10000.0,0.0574999999999999,0.0625,-534290.3137207016*(x-0.057499999999999996)*(x-0.057499999999999996)*(x-0.057499999999999996)+4007.177352905266*(x-0.057499999999999996)*(x-0.057499999999999996)+0.0*(x-0.057499999999999996)+0.9962468147277832
3,iterativefit,central,2,1.6,2.5,100.0,10000.0,0.0625,0.0675,1991962.4328613228*(x-0.0625)*(x-0.0625)*(x-0.0625)-14939.718246459934*(x-0.0625)*(x-0.0625)+0.0*(x-0.0625)+1.0296399593353271
3,iterativefit,central,2,1.6,2.5,100.0,10000.0,0.0675,0.075,-1385947.898582172*(x-0.0675)*(x-0.0675)*(x-0.0675)+15591.913859049451*(x-0.0675)*(x-0.0675)+0.0*(x-0.0675)+0.9051423072814941
3,iterativefit,central,2,1.6,2.5,100.0,10000.0,0.075,0.0875,136770.14160156305*(x-0.07500000000000001)*(x-0.07500000000000001)*(x-0.07500000000000001)-2564.4401550293037*(x-0.07500000000000001)*(x-0.07500000000000001)+0.0*(x-0.07500000000000001)+1.1974906921386719
3,iterativefit,central,2,1.6,2.5,100.0,10000.0,0.0875,0.1075,-26.992385025936912*(x-0.0875)*(x-0.0875)*(x-0.0875)+3.082879869860778*(x-0.0875)*(x-0.0875)+0.0*(x-0.0875)+1.063926100730896
3,iterativefit,central,2,1.6,2.5,100.0,10000.0,0.1075,0.1475,-7344.392792492145*(x-0.1075)*(x-0.1075)*(x-0.1075)+439.52701338998725*(x-0.1075)*(x-0.1075)+0.09092433276330686*(x-0.1075)+1.0649433135986328
3,iterativefit,central,2,1.6,2.5,100.0,10000.0,0.1475,0.25,17.285892383653845*(x-0.1475)*(x-0.1475)*(x-0.1475)-2.9628473124912538*(x-0.1475)*(x-0.1475)+0.0*(x-0.1475)+1.3017823696136475
3,iterativefit,central,2,1.6,2.5,100.0,10000.0,0.25,0.6675,0.054969285092068866*(x-0.25)*(x-0.25)*(x-0.25)+0.04049042951458577*(x-0.25)*(x-0.25)-0.0625539784934174*(x-0.25)+1.289268970489502
3,iterativefit,central,2,1.6,2.5,100.0,10000.0,0.6675,1.1,1.2742106914520264
